time_ms,ax,ay,az,gx,gy,gz
589991.0,-0.3352,3.1005,10.0269,-0.2645,0.281,-0.0942
590001.0,-0.3376,3.1436,10.4603,-0.2841,0.3257,-0.0591
590011.0,-0.1221,3.2609,10.8673,-0.2841,0.357,-0.0208
590021.0,0.0527,3.2633,11.1761,-0.3406,0.3155,0.0053
590031.0,0.1748,3.4453,11.2073,-0.3523,0.3022,0.0202
590041.0,-0.1077,3.7757,11.3102,-0.3374,0.3544,0.0346
590051.0,-0.395,4.0654,11.3749,-0.356,0.3767,0.0639
590061.0,-0.7087,4.3479,11.461,-0.4427,0.3528,0.1011
590071.0,-0.9864,4.5011,11.6334,-0.5672,0.3124,0.1532
590081.0,-1.3719,4.4987,11.9734,-0.6715,0.2857,0.2261
590091.0,-1.5754,4.3,12.627,-0.7482,0.2198,0.3028
590101.0,-1.47,4.0749,13.0173,-0.7231,0.1165,0.3693
590111.0,-1.4341,3.948,13.0963,-0.6151,0.0053,0.4204
590121.0,-1.3599,3.9983,12.8162,-0.4906,-0.1256,0.4603
590131.0,-1.2594,4.1084,12.3301,-0.4108,-0.2501,0.4997
590141.0,-1.2737,4.1563,11.7292,-0.4007,-0.3714,0.5486
590151.0,-1.3312,4.1084,11.2982,-0.4252,-0.4587,0.6135
590161.0,-1.3527,3.9217,11.0397,-0.3986,-0.4816,0.7114
590171.0,-1.2067,3.5171,10.8529,-0.3054,-0.4597,0.8354
590181.0,-0.9266,3.0765,10.6686,-0.2176,-0.4342,0.9525
590191.0,-0.6416,2.648,10.5393,-0.2107,-0.4518,1.0344
590201.0,-0.3472,2.308,10.2663,-0.2826,-0.4959,1.0876
590211.0,-0.2179,1.822,10.1778,-0.4257,-0.5417,1.1275
590221.0,-0.2011,1.2522,10.2975,-0.5257,-0.589,1.1595
590231.0,-0.1484,0.668,10.2711,-0.5183,-0.6215,1.1855
590241.0,-0.0718,0.0144,10.2017,-0.439,-0.6439,1.1962
590251.0,0.249,-0.5866,10.0197,-0.3193,-0.6481,1.1712
590261.0,0.6656,-1.0798,9.73,-0.2522,-0.6795,1.0951
590271.0,1.1037,-1.3431,9.232,-0.2794,-0.7466,0.9642
590281.0,1.2378,-1.3671,8.7484,-0.3783,-0.7982,0.804
590291.0,1.1923,-1.2617,8.4372,-0.4629,-0.7944,0.6534
590301.0,1.0678,-1.0702,8.0876,-0.4842,-0.737,0.5342
590311.0,1.1157,-1.0199,7.9368,-0.4917,-0.6635,0.4486
590321.0,1.3479,-1.0894,7.8913,-0.4597,-0.5582,0.3821
590331.0,1.5562,-1.0846,7.9751,-0.4252,-0.4406,0.307
590341.0,1.5874,-1.0319,8.2049,-0.4241,-0.3586,0.2293
590351.0,1.4892,-0.9098,8.5928,-0.4188,-0.3022,0.1596
590361.0,1.403,-0.7901,8.8538,-0.3634,-0.2783,0.1096
590371.0,1.2881,-0.6871,8.9854,-0.216,-0.2549,0.0915
590381.0,1.2833,-0.6249,9.0668,0.0287,-0.1735,0.0984
590391.0,1.3527,-0.3328,8.9854,0.2959,-0.0575,0.1027
590401.0,1.4437,0.1796,8.9807,0.4049,0.0351,0.0835
590411.0,1.3336,0.6488,9.2057,0.2538,0.041,0.0474
590421.0,1.142,0.838,9.584,-0.0287,-0.042,0.0208
590431.0,0.9553,0.7805,9.596,-0.2224,-0.1325,0.0255
590441.0,0.984,0.5866,9.1315,-0.2336,-0.1458,0.0548
590451.0,0.917,0.4094,8.5569,-0.1644,-0.049,0.0825
590461.0,1.0391,0.2586,8.1451,-0.1352,0.1043,0.0915
590471.0,1.0487,-0.0694,8.4707,-0.1985,0.2767,0.0729
590481.0,1.1229,-0.2993,9.3733,-0.2448,0.4358,0.0325
590491.0,0.9792,-0.3639,10.4028,-0.2001,0.5582,-0.0181
590501.0,0.9409,-0.2897,11.3222,-0.0862,0.5731,-0.0676
590511.0,0.7853,0.1269,11.7124,0.1,0.5396,-0.108
590521.0,0.6153,0.5866,11.6119,0.2762,0.4683,-0.1181
590531.0,0.5578,0.9218,11.3844,0.423,0.422,-0.0974
590541.0,0.4549,1.1612,11.2647,0.5465,0.4284,-0.0532
590551.0,0.2921,1.1684,11.1306,0.6141,0.4294,-0.0053
590561.0,0.5531,1.3096,11.0085,0.5805,0.4459,0.0053
590571.0,0.5866,1.4653,11.3413,0.3267,0.4193,-0.0351
590581.0,0.7183,1.5323,11.892,-0.0974,0.2661,-0.1091
590591.0,0.5435,1.5419,12.5863,-0.4816,0.0878,-0.1713
590601.0,0.4693,1.47,12.8952,-0.6577,-0.1101,-0.183
590611.0,0.5028,1.257,12.4044,-0.6343,-0.2852,-0.1522
590621.0,0.7278,1.1157,11.6047,-0.5231,-0.3911,-0.1133
590631.0,0.8284,0.9649,10.6949,-0.4135,-0.4315,-0.075
590641.0,0.7709,0.6584,10.1131,-0.3267,-0.4236,-0.0372
590651.0,0.893,0.2418,9.5936,-0.1713,-0.3549,0.0059
590661.0,1.2139,-0.2227,9.0381,-0.0192,-0.315,0.0277
590671.0,1.6017,-0.3855,8.157,0.124,-0.2421,0.0016
590681.0,1.4581,-0.0527,7.8817,0.2416,-0.0101,-0.0559
590691.0,1.5706,0.1867,7.999,0.2442,0.1692,-0.1171
590701.0,1.4796,0.5698,8.2169,0.2118,0.3501,-0.1926
590711.0,1.1923,1.0654,8.758,0.1149,0.53,-0.2597
590721.0,0.8763,1.5993,9.8761,-0.0942,0.6396,-0.306
590731.0,0.5555,1.8364,11.3006,-0.3576,0.605,-0.3166
590741.0,0.2777,1.7502,12.4211,-0.5002,0.4661,-0.2863
590751.0,0.2993,1.4796,13.0412,-0.48,0.2762,-0.2347
590761.0,0.3711,1.2617,13.0628,-0.3459,0.0926,-0.1857
590771.0,0.3639,1.0511,12.8138,-0.1745,-0.0788,-0.1437
590781.0,0.7638,0.8859,12.1602,0.0138,-0.2341,-0.1101
590791.0,1.0008,0.8547,11.3078,0.174,-0.3549,-0.0952
590801.0,1.3455,1.0367,10.0293,0.2815,-0.4262,-0.0899
590811.0,1.3001,1.2426,9.1028,0.2964,-0.3938,-0.0819
590821.0,1.5155,1.312,8.0302,0.2251,-0.3161,-0.0623
590831.0,1.324,1.4796,7.908,0.0468,-0.0676,-0.0702
590841.0,1.2306,1.9106,8.5018,-0.3225,0.2176,-0.1256
590851.0,0.8164,2.0111,10.3669,-0.9945,0.3539,-0.2368
590861.0,0.2729,1.7837,13.034,-1.6831,0.2607,-0.3666
590871.0,0.0503,1.6472,14.777,-2.0178,0.0282,-0.4422
590881.0,-0.2203,1.3982,15.9478,-2.0146,-0.232,-0.4443
590891.0,-1.0487,1.1875,17.0994,-1.731,-0.4661,-0.3751
590901.0,-1.1301,0.8859,18.3109,-1.0584,-0.5965,-0.1995
590911.0,-0.9481,0.577,18.7681,-0.2128,-0.7684,0.0239
590921.0,-0.2394,0.146,18.1169,0.3523,-1.1728,0.2001
590931.0,-0.1173,-0.5219,16.9701,0.5875,-1.6288,0.3065
590941.0,0.3448,-1.5969,15.2319,0.646,-2.0465,0.3507
590951.0,1.1492,-2.6959,13.0723,0.6284,-2.2961,0.2921
590961.0,2.0782,-3.4046,10.8912,0.4842,-2.3573,0.1016
590971.0,2.7246,-3.45,9.2464,0.0937,-2.2913,-0.2134
590981.0,2.9161,-3.1005,8.8873,-0.5454,-2.2391,-0.5997
590991.0,2.7845,-2.5043,8.7652,-1.2058,-2.2806,-0.9599
591001.0,2.5738,-2.138,8.9663,-1.64,-2.3333,-1.2084
591011.0,2.6408,-1.6783,8.327,-1.7118,-2.3839,-1.3308
591021.0,2.8012,-0.9409,5.3774,-1.6969,-2.6052,-1.3643
591031.0,3.7589,-0.3759,0.3783,-1.7522,-2.8495,-1.3154
591041.0,5.7916,0.2586,-4.8554,-1.7517,-2.5791,-1.176
591051.0,6.8283,1.561,-10.7715,-1.9305,-2.0763,-0.9951
591061.0,8.5353,2.0686,-16.0579,-2.3855,-1.6384,-0.7934
591071.0,7.9631,1.9249,-19.0985,-2.0571,-0.497,-0.4986
591081.0,5.3774,3.9816,-23.8846,-0.6343,1.2872,-0.1501
591091.0,1.5203,5.5186,-26.6834,0.688,3.356,0.2868
591101.0,-2.4229,4.9632,-25.0888,1.3441,5.5233,0.7636
591111.0,-7.3526,2.7509,-19.0124,1.434,7.5331,1.1456
591121.0,-12.615,0.656,-10.4962,1.8118,9.4535,1.3862
591131.0,-15.955,-0.9266,0.1987,2.3631,10.9605,1.384
591141.0,-18.1696,-0.2274,11.9662,2.8425,11.9039,1.1063
591151.0,-21.0714,2.7677,25.2732,2.7622,11.7634,0.6556
591161.0,-20.6787,5.4588,34.9937,2.179,10.091,0.3113
591171.0,-21.4209,7.3646,40.6104,1.6235,8.0796,0.2277
591181.0,-19.5415,5.2888,44.9248,1.5,6.2497,0.4385
591191.0,-17.7626,2.9904,45.1953,1.3713,4.1558,0.4848
591201.0,-16.2494,1.4317,43.6128,0.9088,1.9247,0.2581
591211.0,-15.2008,1.8244,39.545,0.8344,0.249,-0.0074
591221.0,-14.2958,3.3088,35.0272,0.7636,-1.0073,-0.2469
591231.0,-12.9885,5.2265,29.6019,0.563,-2.0023,-0.3794
591241.0,-11.2791,5.7365,25.9268,0.1123,-2.6792,-0.4033
591251.0,-10.1323,5.9017,22.3451,-0.2256,-3.1198,-0.3539
591261.0,-9.3206,5.7748,19.8096,-0.5156,-3.4529,-0.2831
591271.0,-8.5856,5.6647,17.5543,-0.58,-3.6567,-0.1618
591281.0,-7.8817,5.3846,15.6868,-0.4895,-3.7716,0.0005
591291.0,-6.6176,4.6376,13.9869,-0.4017,-3.8599,0.1618
591301.0,-5.9089,3.8834,12.955,-0.3964,-3.9265,0.2783
591311.0,-5.4708,3.0837,12.4068,-0.3858,-4.0664,0.3608
591321.0,-4.9632,2.5881,10.817,-0.1761,-4.2654,0.456
591331.0,-4.3958,2.0662,8.7484,0.1288,-4.3378,0.5779
591341.0,-3.5003,1.1396,7.2089,0.3847,-4.2665,0.6981
591351.0,-2.4134,0.0192,5.4899,0.4699,-4.2095,0.7471
591361.0,-1.1995,-1.0558,3.9552,0.3017,-4.167,0.6715
591371.0,-0.0646,-1.7047,3.0742,0.042,-3.994,0.4773
591381.0,0.51,-1.6783,3.3112,-0.166,-3.6758,0.2118
591391.0,0.6081,-1.142,3.9193,-0.3485,-3.4619,-0.0607
591401.0,0.7973,-0.249,4.7262,-0.448,-3.3502,-0.281
591411.0,0.9098,0.6704,5.4396,-0.3863,-3.2597,-0.389
591421.0,1.2713,1.1947,5.2936,-0.2964,-3.3544,-0.3996
591431.0,1.8028,1.403,4.0031,-0.2187,-3.5151,-0.364
591441.0,2.0494,1.3336,2.715,-0.1027,-3.4939,-0.3044
591451.0,2.3535,1.2091,1.6688,0.05,-3.3124,-0.2309
591461.0,3.1029,1.0247,0.8571,0.1144,-3.1299,-0.1846
591471.0,3.6488,0.9864,0.2897,0.1261,-2.9154,-0.1687
591481.0,4.118,1.1468,-0.2274,0.1538,-2.6866,-0.1501
591491.0,4.1587,1.2258,-0.7638,0.1862,-2.4541,-0.1054
591501.0,4.0773,1.166,-1.0367,0.2543,-2.2072,-0.0362
591511.0,4.3479,1.0463,-1.9393,0.2868,-2.0901,0.0399
591521.0,5.0111,1.2641,-4.9225,0.1479,-2.1285,0.0867
591531.0,5.8299,1.8076,-9.347,-0.3677,-2.1944,0.0777
591541.0,6.2991,3.2346,-15.6102,-1.2702,-2.1497,0.0287
591551.0,5.9879,4.6352,-20.8415,-2.3764,-1.724,0.017
591561.0,7.671,6.0645,-25.6658,-3.0655,-0.8759,0.1783
591571.0,0.5267,8.1594,-28.4335,-2.8596,0.6561,0.6141
591581.0,-1.6185,9.3278,-34.2371,-1.3691,2.6893,1.3276
591591.0,-5.2361,8.0924,-37.917,0.4949,5.6298,2.1348
591601.0,-15.0547,5.4444,-36.0663,1.9747,9.3859,2.7351
591611.0,-28.6442,1.8052,-27.8422,2.4935,12.8718,2.9782
591621.0,-35.3073,-2.3918,-16.86,2.5909,15.8612,2.8314
591631.0,-38.4365,-7.9033,6.9121,1.8225,17.4357,2.1519
591641.0,-41.8243,-8.2624,37.2442,2.1822,17.4357,1.0211
591651.0,-40.1196,-0.3639,58.6508,2.3158,16.7429,-0.2772
591661.0,-32.6258,3.4453,72.992,1.3691,11.6251,-0.8806
591671.0,-27.0688,8.3055,72.1588,1.6602,6.9622,-0.8253
591681.0,-22.9843,9.2177,65.7017,1.0584,2.1811,-0.6231
591691.0,-21.8543,9.0908,52.1936,1.0179,-1.3744,-0.1783
591701.0,-18.6389,5.5498,39.7437,1.6836,-3.073,0.4635
591711.0,-14.765,2.3367,27.9786,2.3025,-3.8466,0.8551
591721.0,-10.8577,0.2634,18.0978,2.1418,-4.2415,0.7923
591731.0,-8.1259,0.1748,11.71,1.6506,-3.952,0.4395
591741.0,-6.8187,1.063,8.5569,1.1754,-3.182,0.0591
591751.0,-5.9424,2.4636,8.1307,0.8008,-2.3088,-0.2389
591761.0,-5.6024,3.6919,9.8426,0.4417,-1.6006,-0.4129
591771.0,-5.4827,4.4365,12.5001,0.107,-1.2606,-0.4693
591781.0,-5.0829,4.6519,14.8057,-0.1165,-1.2696,-0.4379
591791.0,-4.8626,4.197,16.5128,-0.2943,-1.5229,-0.3714
591801.0,-5.3774,3.3327,17.8464,-0.4879,-2.047,-0.3475
591811.0,-5.9017,2.9161,17.8057,-0.5459,-2.7883,-0.3906
591821.0,-5.4061,3.0694,15.5599,-0.5279,-3.6104,-0.4789
591831.0,-4.7597,3.4405,12.0859,-0.6619,-4.292,-0.5917
591841.0,-4.2329,3.541,8.734,-0.8588,-4.6278,-0.6784
591851.0,-3.486,3.7038,5.691,-0.9924,-4.6118,-0.7348
591861.0,-3.2202,3.9385,4.1156,-1.1073,-4.3293,-0.7551
591871.0,-3.1101,3.8786,3.972,-1.0493,-3.8679,-0.6774
591881.0,-2.9185,3.5267,5.2218,-0.6907,-3.2943,-0.4901
591891.0,-2.0183,2.9401,6.2297,-0.2097,-2.8654,-0.2517
591901.0,-0.7781,1.9369,6.7876,-0.0591,-2.8409,-0.0968
591911.0,0.1245,1.063,6.6104,-0.0867,-2.9963,-0.0729
591921.0,0.9002,0.8739,5.5809,-0.0053,-3.0607,-0.1165
591931.0,1.2689,0.9697,3.9193,0.1527,-2.9878,-0.1474
591941.0,1.3384,1.0989,2.6384,0.3171,-2.7281,-0.1479
591951.0,1.652,1.2761,2.0016,0.481,-2.2891,-0.1139
591961.0,2.3008,1.2282,2.1428,0.5039,-1.8682,-0.0766
591971.0,2.8946,1.0127,3.0047,0.3368,-1.566,-0.0724
591981.0,3.5745,0.8404,3.5171,0.0213,-1.4532,-0.1128
591991.0,3.9385,0.5411,3.9409,-0.4012,-1.541,-0.2059
592001.0,4.051,0.3065,3.4381,-0.5789,-1.5862,-0.2836
592011.0,4.13,0.2993,2.7629,-0.3565,-1.3675,-0.3113
592021.0,4.3694,0.6656,1.9704,0.091,-0.9908,-0.2985
592031.0,4.6519,1.3599,1.1157,0.4539,-0.6061,-0.2751
592041.0,4.7262,1.8914,0.7302,0.5821,-0.2746,-0.2379
592051.0,4.5586,2.0758,0.759,0.572,0.05,-0.1852
592061.0,4.391,2.1045,0.9673,0.5396,0.3421,-0.1298
592071.0,4.2545,2.0327,1.2761,0.4715,0.5678,-0.099
592081.0,4.2473,2.3583,0.826,0.3411,0.7157,-0.1022
592091.0,3.9528,3.1268,-1.415,-0.1469,0.6375,-0.1469
592101.0,3.371,4.2545,-3.9744,-1.1962,0.4305,-0.2224
592111.0,3.0957,6.1651,-6.6032,-2.436,0.2543,-0.2251
592121.0,6.1052,6.9408,-10.1418,-3.5742,0.1133,-0.0372
592131.0,-1.0894,9.8641,-13.9726,-4.4165,0.2953,0.2911
592141.0,-2.9329,12.2056,-20.6524,-4.3144,0.7003,0.9551
592151.0,-6.6535,10.8362,-23.9372,-2.6473,2.5116,2.0162
592161.0,-14.2216,8.4515,-29.4607,0.5587,6.1757,3.2858
592171.0,-18.7011,0.0335,-26.6762,2.1476,9.7547,4.0824
592181.0,-26.0824,-7.5202,-11.4754,2.7361,13.3214,3.9217
592191.0,-31.5364,-10.6829,7.58,3.5737,15.9426,3.0384
592201.0,-34.5723,-8.5521,29.0058,4.1005,16.8462,1.5937
592211.0,-33.0256,-3.9528,47.6542,2.6765,14.7592,0.0346
592221.0,-25.3714,-0.4956,62.2205,0.7035,10.8141,-1.1047
592231.0,-24.6842,4.288,66.9874,-0.5933,6.4742,-1.757
592241.0,-22.6683,7.7979,62.8119,-1.3324,2.0907,-1.8491
592251.0,-22.788,9.6486,53.8288,-0.9589,-0.9876,-1.4133
592261.0,-20.3292,8.7125,43.5242,-0.0665,-3.0538,-0.7045
592271.0,-17.5351,6.8187,32.3265,0.8828,-4.234,-0.0309
592281.0,-14.7698,4.9297,22.4768,1.2574,-4.8284,0.3613
592291.0,-11.5879,3.6057,14.7507,1.143,-4.9465,0.4794
592301.0,-9.2057,2.5379,9.9264,0.8727,-4.4543,0.4528
592311.0,-7.9895,2.0303,7.9775,0.4949,-3.6859,0.3246
592321.0,-6.8067,1.2737,8.351,-0.1043,-3.1655,0.1144
592331.0,-5.8442,0.9242,9.6295,-0.5773,-2.768,-0.1421
592341.0,-5.6288,1.2282,11.4203,-0.9456,-2.5419,-0.4135
592351.0,-5.8682,1.7573,13.5464,-1.3021,-2.6893,-0.6572
592361.0,-5.1284,2.0901,14.437,-1.3627,-3.073,-0.7827
592371.0,-4.9201,2.2649,13.951,-1.1531,-3.4417,-0.8184
592381.0,-5.1284,2.7509,12.7611,-0.919,-3.7993,-0.8296
592391.0,-5.1906,3.1963,11.3844,-0.7535,-4.117,-0.8056
592401.0,-4.7525,3.383,9.4691,-0.596,-4.3644,-0.7285
592411.0,-3.9313,3.5027,6.5242,-0.514,-4.5607,-0.6247
592421.0,-3.0167,3.3926,3.8211,-0.5843,-4.5341,-0.5193
592431.0,-2.49,3.1388,2.2553,-0.6795,-4.1776,-0.3991
592441.0,-2.0758,2.6743,2.5067,-0.6981,-3.6333,-0.2554
592451.0,-1.233,2.4349,2.6887,-0.6284,-3.1794,-0.1128
592461.0,-0.668,2.0806,3.4716,-0.671,-2.8745,-0.0027
592471.0,0.6057,1.8124,4.4819,-0.5805,-2.5643,0.1192
592481.0,1.5203,1.1636,5.4588,-0.4613,-2.3152,0.2368
592491.0,1.8028,0.6536,6.1244,-0.4113,-2.2471,0.2778
592501.0,1.9297,0.5602,6.4452,-0.3097,-2.2194,0.2623
592511.0,1.7262,0.8619,7.0916,-0.1048,-2.105,0.2565
592521.0,1.7693,1.4078,6.8522,0.1442,-2.0226,0.3161
592531.0,1.7861,1.4317,6.0454,-0.0021,-2.1609,0.3704
592541.0,2.3846,0.7542,5.0925,-0.4523,-2.3812,0.3826
592551.0,2.8706,-0.2586,3.9935,-0.8987,-2.5169,0.339
592561.0,3.8595,-1.1181,2.8467,-1.1148,-2.4892,0.2416
592571.0,4.549,-1.3431,2.0327,-1.0147,-2.1705,0.1245
592581.0,4.7692,-1.1133,1.731,-0.7641,-1.7251,0.0229
592591.0,4.7836,-0.6369,1.8387,-0.4965,-1.3409,-0.0511
592601.0,5.1667,0.0694,1.4892,-0.1974,-1.027,-0.0718
592611.0,5.5881,0.6704,1.0199,-0.0069,-0.8072,-0.0553
592621.0,5.6934,1.257,-0.2466,0.0931,-0.6747,-0.0016
592631.0,5.7964,1.6568,-2.8874,0.0825,-0.5497,0.099
592641.0,5.4157,1.4126,-5.138,-0.2065,-0.3241,0.2049
592651.0,4.5849,1.2977,-8.1116,-0.6518,-0.0431,0.2927
592661.0,3.5769,0.9313,-9.9982,-1.2372,0.2836,0.3512
592671.0,2.5833,1.4198,-11.7196,-1.4175,0.8764,0.4427
592681.0,0.5507,2.8515,-13.1968,-1.1041,1.7751,0.6385
592691.0,-0.9337,4.0151,-14.619,-0.5486,2.6728,0.9679
592701.0,-3.4381,5.0637,-18.1648,0.332,3.7269,1.3995
592711.0,-6.9408,5.0757,-24.6148,0.8838,4.9359,1.8384
592721.0,-11.078,2.1165,-28.3258,1.0855,6.8616,2.2136
592731.0,-19.0387,-1.9058,-26.1351,1.7251,10.0963,2.4051
592741.0,-28.0529,-5.2289,-17.8464,2.113,13.0735,2.2067
592751.0,-35.4749,-5.2625,-4.8818,2.3094,15.1838,1.6501
592761.0,-38.2809,-3.7445,10.6207,3.0123,16.5295,0.9668
592771.0,-37.0862,0.2298,26.5278,3.9823,16.9579,0.0809
592781.0,-40.4596,8.26,44.6016,3.7487,16.1629,-0.8344
592791.0,-34.8524,9.2296,63.4846,1.2765,12.105,-1.3446
592801.0,-30.9642,8.7412,71.498,-0.099,7.6475,-1.2984
592811.0,-28.7927,7.4651,71.7423,-0.4108,3.2874,-1.027
592821.0,-26.4535,6.8378,62.4863,-0.2586,-1.0717,-0.7056
592831.0,-26.1734,6.5481,49.6103,0.356,-4.1829,-0.3485
592841.0,-23.9899,6.7349,34.0791,1.1361,-6.14,0.017
592851.0,-21.16,6.4548,20.8774,1.4239,-6.9648,0.2879
592861.0,-16.8648,5.4923,9.4547,1.4777,-6.8669,0.506
592871.0,-12.6198,4.561,2.1284,1.2515,-5.7766,0.6002
592881.0,-9.7564,3.7613,0.4429,0.5161,-4.3144,0.5438
592891.0,-8.3151,2.308,3.9097,-0.447,-3.1331,0.3959
592901.0,-7.0126,1.482,8.2361,-0.9477,-2.362,0.2368
592911.0,-7.0916,1.0463,13.6206,-1.093,-1.9842,0.1016
592921.0,-7.5274,1.0558,17.4035,-0.9839,-2.2748,0.0255
592931.0,-7.8195,1.1109,18.251,-0.7726,-3.0852,0.0
592941.0,-7.4962,1.1684,16.8456,-0.6274,-4.0414,-0.009
592951.0,-6.9049,1.1708,13.5847,-0.5832,-4.8497,-0.0106
592961.0,-5.9903,0.7566,9.7133,-0.7966,-5.4547,-0.0564
592971.0,-4.9967,0.1245,6.4284,-1.2036,-5.7942,-0.2001
592981.0,-3.9816,-0.1149,3.304,-1.5985,-5.882,-0.4172
592991.0,-3.0646,-0.2658,1.992,-1.8784,-5.6175,-0.6412
593001.0,-2.7797,0.0024,1.5802,-1.8055,-5.1062,-0.7865
593011.0,-2.5977,0.1245,1.64,-1.5133,-4.607,-0.8317
593021.0,-1.3934,0.2801,1.5083,-1.0429,-4.118,-0.8008
593031.0,-0.3783,0.6273,1.0343,-0.5805,-3.6083,-0.7466
593041.0,0.4142,1.0846,0.8739,-0.3416,-3.1629,-0.7077
593051.0,0.8021,1.9585,0.9768,-0.1969,-2.6483,-0.6529
593061.0,0.7518,2.6791,1.6161,-0.2634,-2.253,-0.572
593071.0,1.0822,3.2609,2.2913,-0.3868,-1.9667,-0.4432
593081.0,1.0678,3.5123,3.4069,-0.4347,-1.6277,-0.2426
593091.0,1.1205,2.7869,4.9033,-0.4523,-1.4575,0.0011
593101.0,2.0303,1.5826,5.691,-0.2714,-1.3963,0.2246
593111.0,2.7007,0.2203,5.9304,-0.0043,-1.3627,0.3528
593121.0,3.2417,-0.7422,5.4444,0.2751,-1.4255,0.3459
593131.0,3.7876,-0.5459,4.391,0.6045,-1.3478,0.2645
593141.0,3.7924,-0.012,3.7086,0.7088,-1.2169,0.1793
593151.0,3.7685,0.4549,3.2609,0.5752,-1.2164,0.0958
593161.0,3.869,1.1636,1.5826,0.423,-1.2382,0.0516
593171.0,3.9624,1.2522,-0.8164,-0.0053,-1.3228,0.0394
593181.0,4.8387,0.6728,-3.316,-0.5795,-1.3558,0.0298
593191.0,4.8985,0.3496,-5.8107,-0.9892,-1.0674,0.0149
593201.0,3.4381,0.1341,-6.3279,-1.2851,-0.6348,-0.0069
593211.0,2.8156,1.0295,-7.0988,-1.0499,-0.2043,0.0298
593221.0,1.4102,2.7964,-9.5505,-0.1309,0.4991,0.2448
593231.0,0.3663,4.8698,-13.5655,0.7226,1.3569,0.6188
593241.0,-0.5339,5.2433,-17.2837,0.7705,2.2136,1.0515
593251.0,-1.834,4.4125,-20.9086,0.1825,3.1405,1.409
593261.0,-5.3103,2.6576,-22.0961,-0.5481,4.5533,1.6778
593271.0,-9.9407,0.1652,-20.1951,-0.7354,6.5993,1.9385
593281.0,-16.089,-2.2314,-15.6677,-0.2932,8.9139,2.1226
593291.0,-24.0929,-3.644,-8.0732,0.8226,11.4628,2.2109
593301.0,-31.8142,-3.486,-0.0024,2.3881,13.8706,2.1545
593311.0,-35.585,-3.3806,9.3901,3.3209,15.4914,1.6921
593321.0,-33.8133,-2.466,24.2964,2.8729,15.9171,0.6795
593331.0,-34.091,0.7661,44.9751,1.7969,15.3078,-0.389
593341.0,-32.1541,5.3295,64.7871,0.53,12.5509,-1.077
593351.0,-30.4279,8.6072,78.2952,-0.7168,7.8987,-1.2563
593361.0,-28.4958,9.6438,78.4508,-0.7913,2.7377,-0.7428
593371.0,-27.8924,6.9001,69.6617,-0.1155,-2.1902,0.066
593381.0,-26.4631,4.9273,51.1378,1.3548,-5.9735,0.8258
593391.0,-24.1671,2.9066,32.0967,2.5031,-8.0147,1.3457
593401.0,-20.14,1.0678,16.0531,2.7856,-8.7676,1.5133
593411.0,-14.4035,-0.2227,2.8347,2.3823,-8.3834,1.3739
593421.0,-9.7875,-0.7398,-3.948,1.2505,-6.9739,0.9312
593431.0,-6.9121,-0.8236,-4.4724,-0.2395,-5.2833,0.3299
593441.0,-5.0278,-0.4908,-2.1715,-1.425,-3.8275,-0.2299
593451.0,-5.1667,0.0646,2.8036,-2.0295,-2.5781,-0.6263
593461.0,-6.3638,0.8811,8.5545,-1.9534,-1.789,-0.7982
593471.0,-6.3518,1.075,13.398,-1.3228,-1.5825,-0.7561
593481.0,-6.0406,1.3671,15.208,-0.4347,-1.8406,-0.6098
593491.0,-5.4564,1.3575,15.5408,0.1288,-2.4094,-0.4927
593501.0,-4.0534,1.2546,14.0875,0.3358,-3.1458,-0.4422
593511.0,-2.7845,1.3216,11.0612,0.2214,-3.8227,-0.4853
593521.0,-2.3607,2.3104,7.1204,-0.2538,-4.2926,-0.6306
593531.0,-2.3367,3.2705,4.9584,-0.9535,-4.3841,-0.7785
593541.0,-2.9664,3.8164,4.7549,-1.4234,-4.1265,-0.7955
593551.0,-3.0335,3.7134,4.4508,-1.5665,-3.8711,-0.6598
593561.0,-2.6695,2.5666,3.9049,-1.6613,-3.7721,-0.4768
593571.0,-1.1133,0.8643,3.9265,-1.5314,-3.5534,-0.3177
593581.0,0.2586,-0.4405,3.9049,-1.0499,-3.1554,-0.223
593591.0,1.0942,-1.087,3.8116,-0.5114,-2.8543,-0.2293
593601.0,1.6376,-0.7781,3.0335,-0.0399,-2.6089,-0.2841
593611.0,1.257,0.0383,2.976,0.3012,-2.2397,-0.3118
593621.0,0.4286,0.4405,3.8571,0.4746,-1.8922,-0.2687
593631.0,1.2139,-0.0479,4.3431,0.4337,-1.79,-0.2054
593641.0,2.3439,-0.9625,4.8028,0.1064,-1.8725,-0.2464
593651.0,2.9209,-1.6281,4.6184,-0.2613,-2.0438,-0.389
593661.0,3.0311,-1.8531,3.8475,-0.4135,-2.1183,-0.563
593671.0,3.225,-1.6161,2.7078,-0.3092,-2.0124,-0.7035
593681.0,3.5243,-1.142,1.6927,-0.0857,-1.7735,-0.7918
593691.0,3.9744,-0.68,0.8284,0.1054,-1.5229,-0.8301
593701.0,4.616,-0.4429,0.1963,0.2171,-1.301,-0.8349
593711.0,4.8937,-0.3256,-0.5243,0.3219,-1.0754,-0.8237
593721.0,4.9009,0.0455,-1.9465,0.4347,-0.8902,-0.8163
593731.0,5.102,1.1253,-5.4923,0.3847,-0.7694,-0.8152
593741.0,5.5498,2.3607,-9.4858,-0.157,-0.6449,-0.8301
593751.0,4.6184,4.209,-13.9007,-0.9227,-0.2458,-0.7833
593761.0,2.8084,6.3183,-17.0539,-1.5937,0.6066,-0.5805
593771.0,1.4868,7.6926,-18.8184,-1.9443,1.7522,-0.165
593781.0,0.3472,7.4244,-18.0307,-1.6793,3.2475,0.4214
593791.0,-2.5666,7.6088,-17.243,-0.6811,4.8459,1.0307
593801.0,-5.7724,6.687,-16.3356,0.2453,6.0198,1.5671
593811.0,-10.999,5.9233,-15.7682,1.3713,7.2405,1.9821
593821.0,-18.3109,5.6479,-15.3971,2.9995,8.9688,2.2609
593831.0,-25.9986,5.5091,-15.603,4.5506,11.2403,2.3679
593841.0,-29.0824,4.7716,-8.6814,4.3841,13.6934,2.0625
593851.0,-32.1589,2.3942,14.6836,2.7154,15.6787,1.3372
593861.0,-34.3831,5.9041,36.5547,1.6613,15.6883,0.4081
593871.0,-36.4709,9.1291,56.4098,0.0367,13.3518,-0.2565
593881.0,-29.8174,6.1004,71.1269,-1.6698,8.9682,-0.2905
593891.0,-25.6994,5.1643,71.4573,-1.6942,4.2058,-0.0532
593901.0,-26.0848,7.0605,61.4448,-0.738,0.0772,0.2692
593911.0,-23.1136,6.0908,47.161,0.397,-2.9176,0.7902
593921.0,-19.6157,3.6536,33.9594,1.4867,-4.1845,1.2361
593931.0,-15.7706,2.2314,23.1088,1.7118,-4.648,1.2904
593941.0,-12.955,1.3551,16.6253,1.0594,-4.7161,1.0211
593951.0,-10.7883,0.7494,12.5336,0.448,-4.3383,0.7215
593961.0,-9.0405,-0.3448,11.0325,-0.0681,-3.8573,0.4284
593971.0,-7.7021,-0.8763,9.7516,-0.4252,-3.5263,0.1272
593981.0,-6.6367,-1.2737,10.0221,-0.7795,-3.2629,-0.1809
593991.0,-6.4548,-1.2761,10.9008,-0.9126,-3.0745,-0.4427
594001.0,-6.1962,-1.5251,12.0811,-0.7982,-3.0144,-0.6401
594011.0,-5.8538,-1.075,12.0764,-0.5321,-3.1065,-0.8179
594021.0,-5.5186,-0.146,11.382,-0.5114,-3.4225,-1.0387
594031.0,-5.5186,-0.146,11.382,-0.5114,-3.4225,-1.0387
594041.0,-4.9225,1.3048,9.7875,-0.6763,-3.8009,-1.2595
594051.0,-4.7214,2.9042,8.2863,-0.7955,-3.902,-1.3947
594061.0,-4.9392,4.6448,7.106,-0.8732,-3.7839,-1.4128
594071.0,-5.1427,5.7461,7.4268,-1.0169,-3.6295,-1.309
594081.0,-5.0973,6.3566,8.2337,-0.8775,-3.4199,-1.0493
594091.0,-5.1834,6.3207,9.2464,-0.5023,-3.2294,-0.6721
594101.0,-3.553,4.1084,9.7348,0.414,-3.3369,0.1203
594111.0,-3.553,4.1084,9.7348,0.414,-3.3369,0.1203
594121.0,-2.4756,2.7892,8.4946,0.6348,-3.5843,0.3507
594131.0,-1.7957,2.0327,6.3375,0.6417,-3.8317,0.4321
594141.0,-1.494,1.6975,4.549,0.6109,-3.8355,0.431
594151.0,-1.3192,1.8124,3.2034,0.7178,-3.5753,0.4278
594161.0,-0.7638,2.0686,2.3439,0.8333,-3.207,0.4363
594171.0,0.3136,2.2889,1.9537,0.8753,-2.7872,0.4619
594181.0,1.6161,2.2889,1.5802,0.7258,-2.4126,0.4816
594191.0,2.6743,1.9585,1.8483,0.2905,-2.1598,0.4432
594201.0,3.0909,1.8268,2.1069,-0.1469,-1.9411,0.3757
594211.0,3.043,1.6831,2.4301,-0.5028,-1.7384,0.3134
594221.0,2.988,1.6592,2.7342,-0.7359,-1.5538,0.273
594231.0,2.8252,1.5443,3.4405,-0.8083,-1.3372,0.2783
594241.0,3.3016,1.2019,4.2617,-0.6566,-1.0791,0.3448
594251.0,3.9289,0.6033,5.0494,-0.473,-0.9402,0.4182
594261.0,4.3551,0.1365,5.1212,-0.248,-0.9062,0.464
594271.0,4.5035,0.1173,4.3479,0.033,-0.853,0.4885
594281.0,4.8339,0.2011,3.1173,0.2128,-0.77,0.4981
594291.0,4.8147,0.3759,1.7526,0.2107,-0.6364,0.4874
594301.0,4.5107,0.3424,0.8499,-0.0037,-0.4832,0.4624
594311.0,4.4963,-0.0096,0.4621,-0.2937,-0.3065,0.4358
594321.0,4.2353,-0.3328,0.0646,-0.5811,-0.1453,0.3868
594331.0,4.2545,-0.2418,-1.4724,-0.9514,-0.1288,0.3139
594341.0,3.4189,0.1389,-4.6304,-1.6495,-0.2762,0.241
594351.0,3.1795,0.5339,-8.8514,-2.7313,-0.5199,0.2006
594361.0,3.5195,0.668,-13.7954,-3.7525,-0.4906,0.2905
594371.0,3.0287,1.063,-18.7155,-4.159,0.1176,0.5268
594381.0,4.6208,0.431,-21.8998,-3.479,1.3138,0.9019
594391.0,1.4844,3.3519,-27.3585,-0.803,3.6891,1.3649
594401.0,-13.9678,6.4715,-29.2045,1.9763,6.6791,1.88
594411.0,-22.7162,2.873,-28.5485,4.2601,9.5727,2.5509
594421.0,-26.9803,-6.7445,-23.8175,6.1512,13.1011,2.768
594431.0,-27.1646,-15.7227,-6.9839,6.0453,16.1267,1.591
594441.0,-34.6393,-15.3349,22.7473,5.684,17.4357,-0.6348
594451.0,-42.102,-1.2737,43.6511,5.2839,16.9983,-2.916
594461.0,-36.8252,8.8059,64.4759,2.958,12.8633,-4.3607
594471.0,-34.2634,17.492,74.0838,1.4479,8.1445,-4.6789
594481.0,-30.7535,22.0769,75.968,0.6071,3.3358,-4.0919
594491.0,-29.4295,22.2709,69.0823,0.746,-1.3111,-2.9027
594501.0,-27.1455,19.2135,54.0683,1.9938,-5.0402,-1.4271
594511.0,-22.9748,14.8369,31.7112,3.4401,-7.4746,-0.1282
594521.0,-16.9079,11.5496,9.9742,3.3959,-8.3696,0.5513
594531.0,-11.959,8.4013,-1.3001,2.1141,-7.2836,0.6902
594541.0,-9.2057,6.3734,-5.0278,0.8838,-5.0694,0.5859
594551.0,-7.0629,4.3886,-2.7054,-0.6987,-3.3044,0.2448
594561.0,-5.442,2.8012,3.1771,-2.0156,-2.2115,-0.2065
594571.0,-5.2361,3.1053,9.1626,-2.304,-1.367,-0.5417
594581.0,-6.3135,4.0007,15.2175,-2.0444,-1.0781,-0.6832
594591.0,-6.7708,4.8219,18.8112,-1.4883,-1.6001,-0.6157
594601.0,-6.8378,5.1044,19.2326,-0.6577,-2.4552,-0.3805
594611.0,-6.4045,4.8076,17.0252,0.3081,-3.1826,-0.05
594621.0,-5.4324,4.4173,12.9335,0.9551,-3.745,0.2261
594631.0,-4.6017,3.893,9.3015,0.9658,-4.0962,0.3517
594641.0,-3.9528,3.6943,6.0717,0.6508,-4.1781,0.3719
594651.0,-3.0765,3.4046,3.8188,0.1618,-4.0041,0.3379
594661.0,-2.2194,3.2705,2.5474,-0.4603,-3.6907,0.2645
594671.0,-2.1811,2.9616,3.2561,-1.1089,-3.3081,0.1916
594681.0,-2.2553,2.411,5.3151,-1.4074,-2.9218,0.1846
594691.0,-1.8292,1.5634,7.5729,-1.2026,-2.6143,0.2517
594701.0,-0.9744,0.8284,8.9256,-0.6955,-2.4828,0.3374
594711.0,-0.1341,0.3926,8.8083,-0.2549,-2.6063,0.3666
594721.0,0.5028,0.4022,7.8147,-0.0436,-2.8574,0.3241
594731.0,0.6919,0.8787,6.0717,0.0777,-2.9894,0.2708
594741.0,0.9194,1.0942,4.47,0.1117,-2.9405,0.2522
594751.0,1.3527,0.9936,2.909,-0.0245,-2.8096,0.2373
594761.0,1.9944,0.5746,2.0997,-0.348,-2.6074,0.1846
594771.0,2.6312,0.2011,1.9752,-0.6758,-2.3099,0.0995
594781.0,2.988,-0.1652,2.5738,-0.9679,-2.0428,-0.0048
594791.0,3.395,-0.3903,2.8467,-1.1148,-1.881,-0.1086
594801.0,3.6033,-0.4022,2.8683,-1.0797,-1.7342,-0.1905
594811.0,3.9361,-0.1006,2.3176,-0.9104,-1.5772,-0.2379
594821.0,4.537,0.1389,0.996,-0.8296,-1.4867,-0.2698
594831.0,5.3079,0.4549,-1.3719,-1.0147,-1.5027,-0.3219
594841.0,6.2489,0.7326,-4.8435,-1.5548,-1.5282,-0.3954
594851.0,6.5003,0.6249,-7.616,-2.3227,-1.3532,-0.4656
594861.0,5.4947,0.3184,-9.0525,-2.8894,-0.9174,-0.4768
594871.0,4.4388,0.6847,-10.3477,-2.858,-0.2873,-0.4071
594881.0,2.7078,1.8364,-12.232,-2.1998,0.5263,-0.2389
594891.0,2.3798,3.5314,-16.4721,-1.2909,1.3893,0.0239
594901.0,0.7111,5.5881,-21.5191,-0.5593,2.5664,0.3523
594911.0,-3.4165,7.264,-25.7425,-0.1926,4.1393,0.7652
594921.0,-8.0637,7.1108,-26.6355,0.1038,6.2869,1.2643
594931.0,-15.7874,6.1028,-24.5214,0.5273,8.8118,1.7687
594941.0,-20.5399,3.1412,-16.3692,0.9062,11.226,2.1657
594951.0,-25.017,0.7374,-4.3622,1.6724,13.2996,2.3397
594961.0,-28.6562,0.4836,9.414,2.5706,14.3277,2.1971
594971.0,-31.9027,3.6727,21.7537,3.513,14.0845,1.8752
594981.0,-30.9858,6.2177,31.0624,4.3681,13.3092,1.7283
594991.0,-27.8901,4.0797,42.9376,4.0419,12.0385,1.5261
595001.0,-23.6882,1.1971,52.8999,2.2104,9.0582,0.8195
595011.0,-21.9069,-0.3711,58.4137,0.4603,5.5643,-0.0867
595021.0,-22.4241,1.2115,58.4712,-0.2629,2.2625,-0.8466
595031.0,-22.776,4.5873,52.6054,-0.2767,-0.9323,-1.2856
595041.0,-22.3978,7.7692,42.794,0.2059,-3.3965,-1.3553
595051.0,-20.6979,10.635,30.4016,0.6236,-5.0215,-1.1824
595061.0,-18.3037,11.4299,20.2238,0.6502,-5.6223,-0.8647
595071.0,-15.6102,11.1857,12.6677,0.6183,-5.2562,-0.4576
595081.0,-13.5488,9.7875,9.7875,0.4007,-4.383,-0.0745
595091.0,-12.2703,8.4108,10.4627,0.2224,-3.4241,0.24
595101.0,-11.3533,7.2784,13.6757,0.1027,-2.7398,0.481
595111.0,-10.8314,6.8283,16.939,0.0319,-2.5967,0.6795
595121.0,-10.5728,6.3853,19.2661,-0.1735,-3.057,0.8434
595131.0,-10.2472,6.0214,19.8407,-0.4518,-3.9733,0.9839
595141.0,-10.1347,5.6431,18.0068,-0.506,-4.9428,1.1531
595151.0,-9.4308,4.8147,13.6733,-0.4198,-5.7724,1.3542
595161.0,-8.2432,3.4979,8.2408,-0.4858,-6.2976,1.5069
595171.0,-6.8187,1.6328,3.3399,-0.8125,-6.446,1.5474
595181.0,-4.9704,-0.4836,0.0982,-1.2388,-6.1826,1.4367
595191.0,-3.5075,-1.8579,-0.7805,-1.55,-5.5611,1.1722
595201.0,-2.2697,-2.3104,-0.0479,-1.5884,-4.8832,0.8344
595211.0,-1.1157,-1.9082,0.8092,-1.3196,-4.3388,0.5273
595221.0,0.0263,-1.0726,0.8715,-0.8423,-3.8818,0.323
595231.0,0.589,0.0886,0.1772,-0.3783,-3.4316,0.2235
595241.0,0.972,0.7398,0.1293,-0.1437,-3.0293,0.2049
595251.0,0.759,1.0846,0.1724,0.0484,-2.5951,0.2538
595261.0,0.9409,0.5171,1.2378,0.2474,-2.0795,0.3517
595271.0,2.3296,-0.3112,2.6887,0.3629,-1.6804,0.4044
595281.0,3.4261,-0.9625,4.1348,0.2549,-1.5777,0.3342
595291.0,3.7326,-0.9792,4.5825,0.1048,-1.7022,0.1878
595301.0,3.6703,-0.5986,3.984,0.0559,-1.8353,0.0468
595311.0,3.7373,0.0096,2.557,0.1128,-1.8395,-0.0404
595321.0,3.8259,0.5315,1.4581,0.2011,-1.6469,-0.0697
595331.0,3.9433,0.9529,0.9409,0.232,-1.3441,-0.0559
595341.0,3.9672,1.166,1.1516,0.1149,-1.1095,-0.0309
595351.0,4.0941,1.1588,1.4533,-0.058,-1.0211,0.0106
595361.0,4.1635,1.166,0.7302,-0.1447,-1.0238,0.0782
595371.0,4.5155,1.2689,-2.8898,-0.3411,-1.1462,0.1495
595381.0,5.138,1.1061,-7.4843,-1.0727,-1.2872,0.141
595391.0,5.9975,1.8723,-13.6661,-2.1098,-1.1893,0.0633
595401.0,5.387,3.541,-20.4944,-3.4928,-0.8301,-0.0388
595411.0,5.964,6.3422,-26.08,-4.8465,-0.1554,-0.0372
595421.0,2.9305,9.2823,-29.4511,-4.9385,1.4346,0.3576
595431.0,-7.2832,13.9079,-32.3624,-3.4513,3.9169,1.2558
595441.0,-11.6406,10.307,-30.1717,-1.8017,6.3646,2.5595
595451.0,-16.8695,2.7007,-24.5334,0.2426,9.2157,3.6694
595461.0,-22.2421,-6.5888,-15.6006,2.1423,11.8225,4.0494
595471.0,-25.2062,-13.7858,-2.897,3.4215,13.944,3.4146
595481.0,-29.7216,-17.1066,17.9565,4.424,15.3536,1.988
595491.0,-31.7902,-7.3813,30.5979,6.024,15.4595,0.29
595501.0,-34.6321,3.0981,46.8857,5.0881,13.7631,-1.1781
595511.0,-30.7272,10.501,56.6324,2.6095,9.8781,-1.9896
595521.0,-28.2276,12.967,63.4416,0.5928,6.3156,-2.0476
595531.0,-27.27,13.0053,65.2324,-0.1937,3.073,-1.5527
595541.0,-25.2828,10.3765,60.7648,-0.331,-0.5545,-0.82
595551.0,-23.9348,6.5888,51.2503,0.4278,-3.497,-0.0282
595561.0,-21.3275,3.395,36.3512,1.6437,-5.5122,0.6034
595571.0,-16.5535,1.3336,20.9373,1.9981,-6.6775,0.7838
595581.0,-12.6127,0.2011,11.0564,1.6272,-6.5088,0.5954
595591.0,-9.4164,0.3903,5.2696,1.3053,-5.3243,0.2953
595601.0,-7.8243,0.7302,5.1092,0.6337,-3.9967,-0.0761
595611.0,-7.0509,1.2977,8.1044,-0.1437,-3.1778,-0.4379
595621.0,-6.4691,1.9297,11.6981,-0.5545,-2.775,-0.6912
595631.0,-6.1938,2.4612,14.9518,-0.5901,-2.7686,-0.8024
595641.0,-6.0406,2.8156,16.5918,-0.3161,-3.1703,-0.7918
595651.0,-5.8371,2.8611,15.9334,0.133,-3.7743,-0.6822
595661.0,-5.6551,2.8299,13.034,0.5859,-4.3681,-0.5459
595671.0,-4.9847,3.0215,9.0501,0.8035,-4.8459,-0.4725
595681.0,-4.1611,3.7517,5.4205,0.9206,-4.8279,-0.406
595691.0,-3.2513,4.3694,3.043,0.8519,-4.3974,-0.3017
595701.0,-2.4397,4.2832,2.3774,0.3097,-4.0323,-0.2283
595711.0,-1.4605,3.8355,2.4181,-0.3879,-3.7956,-0.2065
595721.0,-0.4836,3.4093,2.5474,-0.9025,-3.5258,-0.2038
595731.0,-0.1365,2.7964,2.7749,-1.2249,-3.2555,-0.1905
595741.0,0.5219,2.0135,3.304,-1.2994,-2.9697,-0.1729
595751.0,1.0511,1.6927,3.6512,-1.0908,-2.66,-0.1591
595761.0,0.8619,1.6089,4.1779,-0.6891,-2.353,-0.1224
595771.0,0.8164,1.8196,4.525,-0.0756,-2.0135,-0.0325
595781.0,1.3527,1.8938,5.0087,0.5603,-1.6533,0.0979
595791.0,2.0016,2.0087,4.9632,0.9035,-1.4649,0.2022
595801.0,2.5331,1.7861,4.7477,0.7412,-1.4995,0.2277
595811.0,3.0023,1.5897,4.2952,0.307,-1.5868,0.1857
595821.0,3.2274,1.2665,4.3862,-0.2102,-1.6288,0.1043
595831.0,3.3232,1.2019,4.561,-0.5683,-1.6453,0.0192
595841.0,3.5985,1.7262,4.2329,-0.6859,-1.6549,-0.0372
595851.0,3.9648,2.3798,3.2082,-0.8019,-1.7267,-0.0452
595861.0,4.4843,2.7821,1.8842,-1.0339,-1.8432,-0.0112
595871.0,5.1475,2.8778,0.5195,-1.1909,-1.8677,0.074
595881.0,5.375,2.9353,-1.3479,-1.1084,-1.7177,0.2208
595891.0,5.6264,2.9137,-4.8052,-0.8897,-1.4617,0.4177
595901.0,5.8897,2.5139,-8.9974,-0.9658,-1.1031,0.5954
595911.0,5.6575,2.1931,-13.4339,-1.351,-0.4752,0.7364
595921.0,4.3407,1.3479,-15.7898,-2.005,0.3996,0.8434
595931.0,3.3926,0.9266,-17.2287,-2.3934,1.45,0.9371
595941.0,1.9273,0.8547,-18.069,-2.2524,2.718,1.0695
595951.0,-0.0048,0.7111,-19.235,-1.7943,3.961,1.242
595961.0,-3.565,-0.1963,-18.8759,-0.9046,5.4935,1.4452
595971.0,-9.6606,-0.4669,-18.4737,0.7301,7.4985,1.6251
595981.0,-16.3668,-1.8555,-16.0723,2.1577,9.4375,1.649
595991.0,-21.3874,-4.9225,-11.0445,3.2805,11.3579,1.4436
596001.0,-23.5278,-8.0158,0.7278,4.2638,13.3736,0.8349
596011.0,-24.2724,-6.766,16.2925,4.9194,14.4628,-0.2746
596021.0,-26.5972,1.9728,29.3098,4.5102,13.7242,-1.5947
596031.0,-27.021,9.4906,42.6551,2.6728,11.3877,-2.5036
596041.0,-24.4999,14.8488,49.7683,0.6263,8.1977,-2.8016
596051.0,-23.116,17.2023,54.0443,-1.0041,5.2104,-2.5749
596061.0,-23.7457,17.4418,55.1792,-1.7953,2.3647,-1.9135
596071.0,-22.6779,15.0452,52.3468,-1.5905,-0.4927,-0.9695
596081.0,-21.3802,12.0141,44.0892,-0.2682,-2.792,0.0463
596091.0,-18.4713,9.7252,31.613,1.2201,-4.2867,0.8806
596101.0,-15.6868,7.5082,21.2892,1.8113,-4.8688,1.3574
596111.0,-12.9526,5.4444,14.4083,1.5628,-4.8215,1.5112
596121.0,-10.9822,3.4093,12.153,1.0025,-4.284,1.4356
596131.0,-10.2256,2.2482,12.8569,0.5843,-3.5886,1.2526
596141.0,-9.6678,1.2522,15.366,0.1639,-3.2847,1.0217
596151.0,-8.9495,0.6201,17.5639,-0.2464,-3.554,0.7551
596161.0,-8.3462,0.5148,18.3563,-0.5156,-4.1441,0.4981
596171.0,-8.4348,0.7254,17.9733,-0.6167,-4.8475,0.3044
596181.0,-8.418,1.0534,15.9143,-0.48,-5.5638,0.2187
596191.0,-8.327,0.9601,12.6893,-0.1815,-6.1145,0.2379
596201.0,-8.0302,0.6105,9.0118,0.1634,-6.3556,0.3225
596211.0,-7.2784,-0.1125,6.4691,0.4709,-6.2465,0.4166
596221.0,-5.7533,-0.7422,4.6543,0.7162,-5.9123,0.4635
596231.0,-4.0701,-0.9146,3.5626,0.646,-5.5968,0.3975
596241.0,-2.8419,-0.8164,3.201,0.2778,-5.4254,0.2198
596251.0,-1.5036,-0.1915,2.0806,-0.0814,-5.294,0.0192
596261.0,-0.1413,0.0383,1.257,-0.4507,-5.1226,-0.1692
596271.0,0.7183,0.656,0.249,-0.68,-4.8119,-0.332
596281.0,1.3455,0.929,-0.1149,-0.861,-4.4378,-0.4448
596291.0,1.0223,1.0367,0.2514,-0.879,-4.027,-0.4991
596301.0,1.81,1.0319,0.7709,-0.4576,-3.4566,-0.4502
596311.0,2.8228,0.9457,0.7326,0.0255,-2.9734,-0.3672
596321.0,3.9002,0.7925,0.3376,0.2261,-2.693,-0.3437
596331.0,5.0446,1.1851,-0.5315,0.2128,-2.4552,-0.3895
596341.0,5.5522,1.7549,-0.9768,0.0271,-2.1849,-0.4683
596351.0,5.6886,2.5187,-1.3695,-0.1383,-1.8709,-0.5204
596361.0,5.43,3.0454,-1.7861,-0.2996,-1.5772,-0.5156
596371.0,5.2194,3.1244,-1.9824,-0.4331,-1.2595,-0.4534
596381.0,5.4923,2.8036,-2.1021,-0.5805,-0.9504,-0.373
596391.0,5.9448,2.0758,-2.1189,-0.8391,-0.7742,-0.3283
596401.0,6.5386,1.3791,-2.5019,-1.0084,-0.6561,-0.3272
596411.0,6.8929,1.0463,-3.3303,-0.8966,-0.406,-0.3395
596421.0,6.9168,1.2115,-5.296,-0.564,-0.0074,-0.3421
596431.0,6.8115,1.5371,-8.1116,-0.4273,0.4326,-0.3544
596441.0,6.8283,2.0183,-11.88,-0.6907,0.9445,-0.3927
596451.0,5.8778,2.1715,-14.8393,-1.4633,1.6043,-0.4581
596461.0,3.6919,2.9305,-17.5926,-2.4413,2.42,-0.4997
596471.0,0.5794,4.0845,-19.0938,-3.3608,3.397,-0.422
596481.0,-2.806,4.9129,-20.1879,-3.8786,4.4352,-0.1128
596491.0,-6.7062,4.9632,-18.7346,-3.347,5.9086,0.4278
596501.0,-11.0588,5.8131,-17.528,-1.0201,8.1094,1.0839
596511.0,-17.2071,6.2273,-15.9861,1.6676,10.4363,1.5889
596521.0,-23.8917,6.9168,-12.7443,3.3518,12.4381,1.7831
596531.0,-31.8979,6.7708,-4.4077,3.8546,14.1047,1.74
596541.0,-34.5747,6.5122,10.2448,3.9525,15.3956,1.5335
596551.0,-35.0703,8.2073,26.4152,3.7557,15.7612,1.1611
596561.0,-34.4597,7.8793,46.6103,2.5206,14.6177,0.6476
596571.0,-29.0034,7.3023,60.0298,0.6747,11.2239,0.0676
596581.0,-24.0713,5.9568,66.827,-1.2494,7.0585,-0.4741
596591.0,-24.9907,5.9711,70.1645,-2.4626,2.9687,-0.8737
596601.0,-23.2381,8.655,60.6643,-2.5839,-1.6767,-0.9344
596611.0,-22.3499,10.5058,47.3956,-1.9534,-4.8497,-0.6604
596621.0,-20.5351,12.8353,30.6075,-1.0807,-6.5987,-0.1756
596631.0,-17.5782,12.2009,17.03,-0.9546,-7.3176,0.3379
596641.0,-13.1346,10.0413,6.8331,-0.7418,-6.7387,0.8806
596651.0,-10.2113,7.5417,2.7629,-0.4353,-4.9902,1.3266
596661.0,-8.4396,4.8315,4.5131,-0.4683,-3.3039,1.5708
596671.0,-6.8187,2.9257,7.604,-0.7599,-2.378,1.608
596681.0,-5.9807,1.2019,12.0333,-1.2302,-2.1002,1.4942
596691.0,-5.6886,0.3783,15.3181,-1.4447,-2.3019,1.3404
596701.0,-5.9328,-0.1149,17.1975,-1.3622,-2.8633,1.2122
596711.0,-5.8107,-0.3639,16.2566,-1.0211,-3.6248,1.1393
596721.0,-5.4995,-0.7973,14.3844,-0.647,-4.2675,1.0802
596731.0,-4.3527,-0.814,11.7747,-0.2043,-4.6203,1.0147
596741.0,-3.8164,-0.0934,9.56,0.0239,-4.7417,0.9094
596751.0,-3.462,0.7709,8.5784,0.0032,-4.7571,0.8003
596761.0,-3.2154,1.889,6.8331,-0.1373,-4.8608,0.7471
596771.0,-2.4038,2.0279,4.8171,-0.4874,-5.0396,0.7428
596781.0,-1.3336,1.822,2.2146,-0.7412,-5.0221,0.779
596791.0,-0.6488,1.1995,0.091,-0.8971,-4.6954,0.8232
596801.0,0.1532,0.3711,-1.2737,-1.0094,-4.1909,0.8461
596811.0,0.3208,-0.6057,-0.8787,-1.0238,-3.5412,0.8386
596821.0,1.1612,-1.798,0.8619,-0.7609,-2.8292,0.8274
596831.0,2.7485,-2.8084,1.968,-0.3911,-2.353,0.7684
596841.0,4.3718,-3.9385,2.6025,-0.2288,-2.1912,0.5992
596851.0,4.6495,-4.1587,1.834,-0.124,-2.1141,0.3352
596861.0,4.3886,-4.063,1.0104,-0.1346,-1.9795,0.0287
596871.0,4.379,-3.7948,0.9768,-0.108,-1.6841,-0.2559
596881.0,4.2329,-2.9856,1.403,0.0575,-1.284,-0.4986
596891.0,4.13,-1.7669,2.2027,0.1346,-1.0355,-0.6939
596901.0,4.5945,-0.5555,3.1388,0.2261,-0.886,-0.7955
596911.0,5.1451,0.7278,3.4979,0.4033,-0.7673,-0.7886
596921.0,5.5761,1.6879,2.8012,0.4145,-0.8471,-0.7168
596931.0,6.4428,2.2769,1.3647,0.2677,-1.0025,-0.6151
596941.0,6.8618,2.6911,-1.1564,0.1155,-1.0153,-0.4837
596951.0,7.0246,2.9401,-4.458,-0.1921,-0.9291,-0.3469
596961.0,8.0541,2.9066,-8.7891,-0.7854,-0.7913,-0.2336
596971.0,7.2664,3.3255,-13.1585,-1.5261,-0.4033,-0.1437
596981.0,6.5793,3.9792,-18.2271,-2.1002,0.3459,0.0117
596991.0,4.3335,4.6567,-21.3012,-2.2594,1.7155,0.2863
597001.0,0.9146,5.0398,-23.5757,-1.6362,3.5944,0.7221
597011.0,-4.2497,5.2672,-26.7744,-0.8248,5.6729,1.209
597021.0,-11.3222,3.4548,-24.9715,-0.3895,7.8907,1.6448
597031.0,-18.8017,0.9074,-19.2542,0.6199,10.4182,1.9986
597041.0,-25.1343,-1.2498,-11.2144,1.9135,12.6723,2.0923
597051.0,-27.5836,-4.4029,3.3327,2.8862,14.2835,1.8161
597061.0,-30.1622,-3.7062,18.8232,4.1425,15.0364,1.1669
597071.0,-26.2381,0.103,31.1486,4.4235,13.8078,0.2474
597081.0,-23.9013,5.1882,41.2784,3.8631,11.5516,-0.5518
597091.0,-22.3044,12.3517,42.8323,2.9346,8.716,-1.0392
597101.0,-21.8591,15.6724,42.6407,0.8759,5.7617,-1.1526
597111.0,-21.8495,13.1705,44.0916,-0.7386,3.5726,-0.7561
597121.0,-19.9581,7.1611,45.1786,-0.8993,1.9991,-0.1378
597131.0,-19.417,4.2401,40.9073,-0.3448,0.1341,0.1894
597141.0,-17.5567,2.7533,34.0551,0.0952,-1.6368,0.265
597151.0,-15.4234,3.2968,25.9388,0.6497,-2.4626,0.2395
597161.0,-14.1904,4.6998,20.1233,0.6822,-2.6074,0.1219
597171.0,-13.0484,5.4492,17.8081,0.1761,-2.4765,0.0069
597181.0,-12.4666,5.023,19.0722,-0.4028,-2.2838,-0.0559
597191.0,-12.2703,4.5083,21.2701,-0.58,-2.2359,-0.0585
597201.0,-12.4403,4.051,23.7241,-0.6125,-2.5802,-0.0431
597211.0,-11.9782,3.3854,24.5621,-0.6178,-3.4023,-0.0218
597221.0,-11.9088,2.873,22.9724,-0.7066,-4.5251,-0.0495
597231.0,-11.6765,2.7126,18.8639,-0.928,-5.6989,-0.1277
597241.0,-11.2551,2.7294,14.3293,-1.1063,-6.5487,-0.2102
597251.0,-10.4076,3.1412,8.9184,-1.0052,-6.9095,-0.2208
597261.0,-8.7197,3.0742,4.9752,-0.7599,-6.6716,-0.1479
597271.0,-7.4388,3.3112,2.308,-0.572,-6.1251,-0.0516
597281.0,-6.0573,2.727,1.482,-0.6923,-5.6053,0.0346
597291.0,-4.0941,1.6688,1.1971,-0.9562,-5.187,0.0692
597301.0,-3.055,0.5986,1.4988,-1.3074,-4.8646,0.0101
597311.0,-2.296,-0.4525,1.4437,-1.5405,-4.6358,-0.0942
597321.0,-0.8715,-1.391,1.482,-1.549,-4.3793,-0.2272
597331.0,0.4836,-1.3288,1.8316,-1.1919,-3.9547,-0.3762
597341.0,1.0223,-0.0862,1.6281,-0.6151,-3.5125,-0.4715
597351.0,1.4198,1.3455,1.2498,-0.1995,-3.2374,-0.4853
597361.0,1.9513,2.4541,0.8068,0.1181,-2.9213,-0.3805
597371.0,2.2673,2.4876,0.0359,0.2128,-2.6356,-0.1937
597381.0,3.2465,1.4844,-0.7781,-0.0819,-2.5047,-0.0649
597391.0,4.2593,-0.0311,-0.5602,-0.4518,-2.2695,-0.0495
597401.0,4.4652,-0.6536,0.4214,-0.497,-1.8294,-0.1048
597411.0,4.197,-0.7422,2.4588,-0.2442,-1.3883,-0.1618
597421.0,4.8698,-0.34,3.0957,0.2022,-1.1792,-0.1703
597431.0,5.4995,0.1796,2.3415,0.4432,-1.168,-0.1772
597441.0,5.9879,0.7111,1.1133,0.3938,-1.1706,-0.2006
597451.0,6.3183,1.2186,-0.1796,0.1905,-1.1015,-0.2272
597461.0,6.4763,1.8148,-1.719,-0.0809,-0.9977,-0.2464
597471.0,6.7062,2.4636,-3.7278,-0.3693,-0.8551,-0.2309
597481.0,7.003,2.6767,-6.3614,-0.6561,-0.605,-0.1437
597491.0,7.0246,2.4828,-9.7037,-0.8482,-0.1181,0.0053
597501.0,6.5769,2.4756,-13.0628,-1.0866,0.5678,0.1564
597511.0,5.5091,3.5745,-17.8799,-1.3909,1.3776,0.3241
597521.0,3.8618,5.3415,-22.9317,-1.7991,2.4903,0.5513
597531.0,-0.3136,8.1451,-28.3162,-2.0311,4.1404,0.9259
597541.0,-4.3862,10.5512,-30.2483,-2.2785,6.2183,1.4883
597551.0,-13.8576,11.6238,-27.2029,-2.2189,8.7793,2.3083
597561.0,-26.9898,9.5193,-18.1217,-2.0258,10.8647,3.265
597571.0,-33.4901,1.5131,-4.7238,-0.8391,12.3881,4.3468
597581.0,-30.6937,-10.3382,10.7308,2.0289,14.2473,5.0572
597591.0,-26.2117,-19.1177,28.8406,4.7464,15.1264,4.4341
597601.0,-21.3754,-18.5383,41.2856,5.9198,13.6008,2.576
597611.0,-19.5558,-11.5089,47.3334,5.4068,10.6572,0.4661
597621.0,-19.5726,-3.486,48.8609,3.555,7.3831,-1.3324
597631.0,-19.5965,1.9561,48.2456,0.8551,4.1925,-2.5813
597641.0,-21.1432,4.8147,46.9,-1.5362,1.2239,-3.2352
597651.0,-22.7425,7.7572,42.181,-2.0412,-1.0041,-3.1687
597661.0,-22.3762,9.2656,36.0591,-0.5146,-2.0641,-2.3668
597671.0,-19.745,7.7405,29.8461,1.8496,-2.3631,-1.2143
597681.0,-16.9773,6.0525,23.3195,3.5715,-2.4169,-0.2799
597691.0,-14.4753,4.6352,19.9365,3.7253,-2.668,0.1298
597701.0,-12.785,4.5466,18.0331,3.0714,-3.0001,0.1783
597711.0,-12.1625,4.2186,17.7267,2.3275,-3.1373,0.1596
597721.0,-11.0277,3.3639,18.67,1.7469,-3.3316,0.132
597731.0,-10.6614,3.0526,18.0954,1.3415,-3.8073,0.0803
597741.0,-10.1299,2.0973,17.4705,0.8716,-4.4995,-0.0027
597751.0,-8.9112,1.1013,15.8329,0.771,-5.0205,-0.0681
597761.0,-8.4228,0.3783,14.0037,0.8631,-5.335,-0.1469
597771.0,-8.181,-0.237,12.22,0.912,-5.7042,-0.2708
597781.0,-8.5904,-0.0886,9.9024,1.1329,-5.9501,-0.4065
597791.0,-7.513,1.3934,5.8035,1.384,-6.0842,-0.5369
597801.0,-5.2864,2.9664,2.6815,1.2489,-6.0097,-0.6588
597811.0,-3.9289,4.9225,-0.3304,0.9094,-5.6218,-0.6992
597821.0,-3.7326,6.0358,-1.3671,0.2027,-5.1349,-0.6667
597831.0,-2.5498,5.6431,-0.7685,-0.4624,-4.631,-0.5422
597841.0,-1.0702,4.3718,0.3184,-0.7146,-4.0339,-0.3821
597851.0,0.0886,2.8994,3.1005,-0.6667,-3.4742,-0.2868
597861.0,1.166,2.569,4.5562,-0.174,-3.0868,-0.2256
597871.0,1.3001,2.988,4.9656,0.2522,-3.0314,-0.199
597881.0,1.7957,3.8906,3.8571,0.6609,-3.0703,-0.1261
597891.0,2.059,4.7645,2.0734,1.0573,-2.9032,0.0346
597901.0,2.5762,5.2625,0.1077,1.0935,-2.7313,0.2123
597911.0,3.4884,5.1212,-1.6496,0.7061,-2.5903,0.3437
597921.0,4.0654,4.6088,-3.0263,0.1155,-2.3434,0.4204
597931.0,4.2976,3.7086,-3.3136,-0.5018,-1.9874,0.4443
597941.0,4.7453,2.7366,-2.8347,-0.9094,-1.599,0.4379
597951.0,4.9919,1.9345,-2.2146,-0.9679,-1.202,0.4262
597961.0,5.1451,1.5562,-2.1548,-0.738,-0.8328,0.4188
597971.0,5.4444,1.4054,-2.5642,-0.3672,-0.4619,0.4198
597981.0,5.5258,1.4605,-3.3615,0.0271,-0.0532,0.4188
597991.0,6.019,1.743,-4.4724,0.3262,0.3799,0.4023
598001.0,6.2369,2.1955,-7.0485,0.3416,0.7886,0.3714
598011.0,5.9927,2.0159,-10.8601,-0.3432,1.0781,0.298
598021.0,5.1978,1.087,-13.8074,-1.6187,1.4729,0.1532
598031.0,3.0933,1.0558,-15.2726,-2.6978,2.2934,0.0085
598041.0,0.5315,2.6001,-16.0842,-3.1879,3.3917,-0.0447
598051.0,-1.7334,4.8746,-16.6636,-3.1267,4.5841,0.0819
598061.0,-4.525,7.6782,-16.5751,-2.3956,6.1182,0.4454
598071.0,-9.3254,11.0061,-16.4051,-1.3255,7.7928,0.9695
598081.0,-17.686,13.1968,-15.9526,-0.5183,9.2875,1.6022
598091.0,-24.8997,12.0668,-11.6933,0.2006,11.1371,2.3429
598101.0,-30.3609,6.7828,1.2617,0.887,13.2826,2.9857
598111.0,-31.4167,0.5483,19.247,1.5915,14.6272,3.198
598121.0,-29.0824,-3.6368,37.1484,1.798,14.3729,2.7196
598131.0,-26.8294,-6.1675,54.8081,1.2771,12.2838,1.7703
598141.0,-22.9077,-5.8059,62.527,0.6268,8.5479,0.7285
598151.0,-19.7139,-4.3072,62.0266,-0.1921,4.3649,-0.2118
598161.0,-20.152,-1.1037,55.7921,-0.7098,0.762,-0.9328
598171.0,-19.9485,2.3655,45.0469,-1.0275,-2.328,-1.3574
598181.0,-19.2733,5.1906,33.6026,-1.085,-4.2771,-1.4622
598191.0,-17.9182,6.9384,23.207,-0.7024,-4.9737,-1.2249
598201.0,-15.4474,7.264,15.8736,-0.2107,-4.831,-0.7875
598211.0,-13.4722,7.1443,11.3437,0.2661,-4.0536,-0.298
598221.0,-12.22,6.1579,11.0756,0.2033,-3.3853,0.0958
598231.0,-10.6279,4.5274,12.8904,0.1224,-3.0261,0.422
598241.0,-9.7731,3.0813,14.631,0.4379,-2.8032,0.7141
598251.0,-8.5042,1.9872,15.6437,0.7466,-2.949,0.9184
598261.0,-7.3646,1.0367,15.4881,0.8599,-3.4087,1.0163
598271.0,-7.118,0.3831,14.461,0.7636,-3.9877,1.0126
598281.0,-5.9831,-0.6369,13.6733,0.6843,-4.4373,0.9525
598291.0,-5.7413,-1.1013,11.8776,0.6641,-4.8231,0.82
598301.0,-5.4468,-1.1756,8.7173,0.381,-5.3802,0.5757
598311.0,-4.0821,-0.893,4.6424,-0.0937,-5.8421,0.2575
598321.0,-3.1268,-0.4693,1.4796,-0.4273,-5.6835,-0.0314
598331.0,-2.739,0.2777,0.079,-0.5135,-4.9848,-0.2464
598341.0,-1.8052,1.0894,0.5794,-0.5486,-4.2032,-0.3975
598351.0,-1.1468,1.9345,1.9058,-0.6109,-3.5965,-0.4864
598361.0,-0.5028,2.4924,3.8164,-0.655,-3.1453,-0.4933
598371.0,0.182,2.5618,5.6599,-0.7077,-2.9394,-0.431
598381.0,0.6273,2.2458,6.9145,-0.696,-2.9995,-0.3421
598391.0,0.8906,2.0375,6.6439,-0.414,-3.1464,-0.2341
598401.0,1.415,1.7765,5.1356,0.1293,-3.1373,-0.0984
598411.0,1.8579,1.7861,3.4405,0.7327,-2.8745,0.0394
598421.0,2.5283,1.9345,3.1388,1.2276,-2.3785,0.1554
598431.0,3.2106,2.5331,2.9401,1.4968,-1.9305,0.2485
598441.0,3.6559,2.8299,3.1292,1.2334,-1.7783,0.2831
598451.0,4.1922,3.0574,2.5474,0.6375,-1.815,0.2751
598461.0,4.4101,2.8994,2.2745,-0.1208,-1.8635,0.2464
598471.0,4.9201,2.2936,1.9585,-0.746,-1.8991,0.2304
598481.0,5.5545,1.5251,1.4676,-1.0302,-1.8363,0.2224
598491.0,6.0549,1.142,0.2418,-0.9551,-1.6362,0.2192
598501.0,6.292,0.8236,-0.9697,-0.7402,-1.3271,0.2198
598511.0,6.4093,0.6393,-2.4014,-0.4294,-0.9259,0.2341
598521.0,6.6391,0.486,-3.9887,-0.0979,-0.4438,0.2437
598531.0,6.7373,0.7015,-7.1826,0.0293,0.0431,0.2352
598541.0,6.2393,0.5171,-10.4148,-0.5156,0.5023,0.1639
598551.0,5.1954,0.4884,-14.5472,-1.6804,0.9732,0.0399
598561.0,3.6871,-0.2059,-15.7634,-3.2762,1.5995,-0.0883
598571.0,2.7581,-0.5339,-15.3564,-4.3106,2.4647,-0.0931
598581.0,1.1277,-0.4525,-13.556,-4.3426,3.4332,0.0378
598591.0,0.7015,0.9194,-13.5655,-3.0368,4.523,0.2996
598601.0,-2.5857,3.9959,-16.4123,-0.829,6.0177,0.6444
598611.0,-10.2376,7.3741,-20.1352,0.9152,7.7321,1.0099
598621.0,-19.1369,7.8721,-16.0364,1.765,9.809,1.4298
598631.0,-25.5988,5.8562,-7.5465,2.7814,12.0481,1.872
598641.0,-29.1877,1.6592,5.5929,3.7365,14.0717,2.0508
598651.0,-30.483,-2.1644,22.5366,3.8594,15.1482,1.648
598661.0,-30.3992,-6.0118,46.821,2.2742,14.2351,0.6114
598671.0,-26.3769,-5.9209,62.3378,1.0648,10.8173,-0.5225
598681.0,-23.9995,-2.4086,66.712,0.589,6.6855,-1.4835
598691.0,-25.9029,2.9449,67.8493,0.3028,2.867,-2.1189
598701.0,-25.1008,9.9216,57.796,0.3198,-1.4708,-2.3003
598711.0,-24.5478,13.6469,46.9287,0.3868,-4.4761,-2.0444
598721.0,-23.1376,16.6373,33.7367,1.0488,-5.9389,-1.3643
598731.0,-19.8407,16.2997,21.9644,1.1973,-6.7898,-0.5465
598741.0,-15.4713,13.611,12.287,1.1882,-6.7232,0.2533
598751.0,-12.2703,10.1323,7.1635,1.2616,-5.6351,0.912
598761.0,-10.1035,6.426,6.1483,1.218,-4.3883,1.334
598771.0,-8.3606,2.9784,7.1539,0.9312,-3.587,1.4936
598781.0,-6.9935,0.3089,9.0477,0.4933,-3.2464,1.4069
598791.0,-5.5905,-1.3431,10.3621,0.1006,-3.2603,1.151
598801.0,-4.2353,-2.0949,10.9152,-0.323,-3.5444,0.7737
598811.0,-3.5195,-1.9896,10.8529,-0.8258,-4.0174,0.323
598821.0,-2.988,-1.4892,10.1969,-1.2308,-4.5214,-0.1038
598831.0,-2.4445,-0.5818,8.6431,-1.3846,-4.9444,-0.4475
598841.0,-2.0494,0.431,6.2584,-1.3643,-5.2152,-0.6949
598851.0,-1.1253,1.1684,3.7086,-1.2398,-5.2876,-0.8359
598861.0,-0.6249,1.8004,1.2522,-0.9408,-5.0311,-0.8764
598871.0,0.3232,2.49,-0.9697,-0.6034,-4.5325,-0.8381
598881.0,1.2019,2.7485,-2.2841,-0.4353,-3.9312,-0.7535
598891.0,1.9297,2.9688,-2.8659,-0.3948,-3.2831,-0.6508
598901.0,2.9449,2.8084,-2.241,-0.4033,-2.6116,-0.5279
598911.0,3.6559,2.466,-0.9026,-0.3182,-1.9614,-0.3911
598921.0,3.8427,1.9537,0.3543,-0.1431,-1.4543,-0.2575
598931.0,3.8451,1.2186,1.8124,0.1043,-1.0781,-0.1447
598941.0,4.039,0.5866,2.9161,0.5321,-0.7253,-0.058
598951.0,4.1324,0.2801,3.5721,0.9408,-0.4438,-0.0319
598961.0,4.4341,0.4645,4.2066,1.1552,-0.3017,-0.0835
598971.0,4.7285,1.2905,4.0869,1.2052,-0.2426,-0.1745
598981.0,4.4939,2.3176,3.6512,0.9637,-0.2538,-0.2687
598991.0,4.2641,3.0861,3.0742,0.5183,-0.2719,-0.3209
599001.0,3.9121,3.1699,2.8874,0.0287,-0.2059,-0.3209
599011.0,3.7804,2.7246,3.055,-0.2948,-0.025,-0.2852
599021.0,3.9504,1.9369,3.9576,-0.4129,0.249,-0.2469
599031.0,4.0821,1.2641,5.2744,-0.3842,0.4842,-0.2395
599041.0,4.1922,0.8619,6.2824,-0.2708,0.5688,-0.2634
599051.0,4.4843,0.8547,6.5122,-0.1974,0.4746,-0.3257
599061.0,5.0063,1.1492,5.2696,-0.2123,0.2794,-0.4028
599071.0,5.6503,2.0806,1.494,-0.5545,0.025,-0.5087
599081.0,6.3207,3.1747,-3.5865,-1.7198,-0.2959,-0.6726
599091.0,5.8658,4.5969,-9.7779,-3.595,-0.5428,-0.8157
599101.0,5.9113,5.9472,-15.2798,-5.6893,-0.53,-0.8056
599111.0,5.4037,8.0541,-17.4489,-6.6791,0.3682,-0.4635
599121.0,2.5857,10.6374,-17.6668,-5.5063,2.1716,0.3608
599131.0,-4.2401,13.0915,-19.6348,-2.6169,4.3314,1.5431
599141.0,-12.3684,12.038,-20.6859,0.4071,6.6748,2.8292
599151.0,-17.413,6.6439,-18.3276,2.7845,9.2242,3.8796
599161.0,-22.5294,-0.6009,-9.9048,4.2361,11.7741,4.2404
599171.0,-25.8526,-6.8211,4.0989,4.9933,13.952,3.7833
599181.0,-27.7488,-8.6239,21.5574,4.9322,14.9854,2.5584
599191.0,-29.0896,-6.2273,41.0007,3.439,14.0137,0.9285
599201.0,-27.1455,-0.9098,55.2462,1.5692,10.9977,-0.4518
599211.0,-24.6579,3.7661,60.784,0.0154,7.1489,-1.2893
599221.0,-25.4887,7.7788,63.6666,-0.8402,3.7125,-1.5575
599231.0,-24.2676,10.8362,56.3236,-0.9919,-0.4278,-1.3292
599241.0,-22.5175,10.3286,45.157,-0.6173,-3.4736,-0.7742
599251.0,-20.4872,9.1363,32.5348,0.3288,-4.8465,-0.1112
599261.0,-17.2694,6.0382,22.7018,0.8359,-5.4424,0.3805
599271.0,-14.2407,3.5865,15.0835,1.1036,-5.3392,0.5997
599281.0,-12.2056,2.569,10.228,1.0387,-4.7821,0.5667
599291.0,-10.5034,2.0039,8.4084,0.5316,-4.2798,0.3725
599301.0,-8.8011,2.0758,8.8897,0.1655,-3.7546,0.1538
599311.0,-8.3845,2.7557,10.6997,0.2288,-3.2406,0.0378
599321.0,-7.9655,3.5985,11.8657,0.4949,-3.1134,0.0468
599331.0,-7.2353,4.0821,12.0452,0.6726,-3.3741,0.1304
599341.0,-6.1483,4.1707,11.1857,0.8407,-3.7067,0.257
599351.0,-4.5394,3.9313,9.8426,1.0163,-3.8748,0.3868
599361.0,-3.6799,3.6464,7.9152,0.9046,-4.0201,0.4502
599371.0,-3.0646,2.9497,6.7732,0.3821,-4.2138,0.4103
599381.0,-2.2889,2.3798,5.5617,-0.1006,-4.2941,0.3235
599391.0,-2.2482,2.0925,4.5538,-0.4597,-4.2095,0.2128
599401.0,-1.8292,2.4277,3.4955,-0.7088,-4.0919,0.1091
599411.0,-0.7207,2.5786,3.5003,-0.7716,-3.8227,0.0734
599421.0,-0.1628,3.0526,3.5458,-0.4895,-3.3369,0.1394
599431.0,-0.4453,3.4165,4.3144,-0.2607,-2.9293,0.2565
599441.0,0.4836,3.2729,5.0015,-0.207,-2.7936,0.3938
599451.0,1.6903,2.8036,5.0949,-0.3081,-2.8186,0.5018
599461.0,2.3296,2.0758,4.6208,-0.5507,-2.95,0.5545
599471.0,2.6001,1.2498,3.7421,-0.7859,-3.0777,0.5534
599481.0,3.2178,0.589,2.8108,-0.7662,-3.0123,0.5177
599491.0,3.2777,0.3879,2.3583,-0.5002,-2.743,0.4746
599501.0,3.1843,0.5842,2.1476,-0.0399,-2.3509,0.4534
599511.0,3.2394,0.9649,2.0183,0.3693,-1.9901,0.4608
599521.0,3.8211,1.0942,1.8004,0.5241,-1.7618,0.4757
599531.0,4.5562,0.8739,1.4868,0.3842,-1.6373,0.4603
599541.0,5.4037,0.4022,1.1277,0.0968,-1.5453,0.397
599551.0,5.8538,-0.0144,0.7111,-0.1894,-1.4202,0.2868
599561.0,6.1962,-0.3352,0.4573,-0.3097,-1.1786,0.158
599571.0,6.4763,-0.316,0.1748,-0.2554,-0.8471,0.0383
599581.0,6.5577,-0.2969,0.0862,-0.2293,-0.5678,-0.0766
599591.0,6.6439,-0.1293,-0.0383,-0.2043,-0.3384,-0.1852
599601.0,6.5769,0.4357,-1.1732,-0.2144,-0.1676,-0.2698
599611.0,7.0078,0.5962,-3.6176,-0.5805,-0.1846,-0.3406
599621.0,6.8307,0.6416,-6.9959,-1.2978,-0.2011,-0.4225
599631.0,5.3247,1.2163,-10.2663,-2.0928,0.0841,-0.5114
599641.0,4.8722,2.1093,-12.402,-2.6457,0.68,-0.5475
599651.0,2.964,4.7573,-14.5089,-2.6563,1.6096,-0.473
599661.0,1.3886,8.3246,-17.9613,-2.4067,2.5802,-0.1559
599671.0,2.0159,8.5401,-21.4999,-2.221,3.6407,0.4566
599681.0,-7.1515,9.2991,-22.0243,-1.5788,5.3429,1.1281
599691.0,-11.2695,8.8609,-24.2437,0.1825,7.5789,1.8901
599701.0,-21.9237,7.8602,-21.8567,1.9044,10.2974,2.4578
599711.0,-30.21,5.6695,-17.0922,3.3353,12.9591,2.8143
599721.0,-33.6816,-0.0359,-4.4149,4.2186,15.451,2.7712
599731.0,-37.5171,-1.7478,11.813,4.8263,17.3655,2.0689
599741.0,-37.3495,0.067,30.5189,3.7503,17.0691,0.8173
599751.0,-33.6026,1.3144,49.6917,1.7054,14.806,-0.3757
599761.0,-29.0441,2.8347,59.6898,-0.5587,11.0456,-1.3047
599771.0,-28.5963,3.3998,68.2419,-2.6478,7.1149,-1.9417
599781.0,-28.1199,8.2839,65.1582,-3.2336,2.3269,-2.0508
599791.0,-28.4623,9.0357,58.3682,-2.3466,-1.5016,-1.4622
599801.0,-25.9651,9.3901,44.4579,0.3821,-3.4949,-0.3927
599811.0,-22.7545,8.2887,30.787,2.2365,-4.5959,0.4331
599821.0,-18.7107,7.7069,19.1201,2.3035,-5.2269,0.7774
599831.0,-15.4522,5.9017,13.611,1.4287,-5.0604,0.8296
599841.0,-13.5799,4.64,11.066,0.7806,-4.2782,0.7976
599851.0,-12.2463,2.7845,12.8114,0.1383,-3.5848,0.6965
599861.0,-10.7141,1.5682,15.1673,-0.2214,-3.3656,0.5401
599871.0,-9.7779,1.3838,16.5391,-0.4486,-3.6407,0.3406
599881.0,-9.4188,1.4126,17.085,-0.58,-4.2388,0.1735
599891.0,-8.8514,1.573,15.4402,-0.4683,-4.9178,0.0974
599901.0,-8.2456,1.4365,12.8353,-0.3368,-5.4893,0.0676
599911.0,-7.7716,1.2641,9.6606,-0.3182,-5.9331,0.0309
599921.0,-7.1443,1.1301,6.7469,-0.3288,-6.1294,-0.0208
599931.0,-6.4979,1.4245,4.3383,-0.24,-5.9863,-0.0617
599941.0,-5.5809,1.573,2.964,-0.1538,-5.6308,-0.0601
599951.0,-4.4939,1.5778,1.9632,-0.2336,-5.2754,-0.0426
599961.0,-3.4812,1.0367,1.9441,-0.5587,-5.0242,-0.075
599971.0,-2.2218,0.6488,1.4509,-0.8242,-4.8385,-0.1469
599981.0,-1.1684,0.1053,1.47,-0.9317,-4.5565,-0.2405
599991.0,-0.012,0.079,1.8172,-0.713,-4.1122,-0.3225
600001.0,0.6967,0.3543,2.4086,-0.2559,-3.6114,-0.3581
600011.0,0.6991,0.9768,3.122,0.2682,-3.1921,-0.3469
600021.0,1.1684,1.8723,2.9497,0.7822,-2.8856,-0.2666
600031.0,2.0686,2.2458,2.6217,0.9653,-2.7106,-0.1453
600041.0,2.6001,2.4062,1.81,0.7769,-2.6483,-0.0511
600051.0,2.9832,2.0686,1.7334,0.3278,-2.6153,-0.009
600061.0,3.8571,1.6807,1.0702,-0.0426,-2.594,-0.0005
600071.0,4.5657,1.2019,0.3065,-0.332,-2.5323,-0.041
600081.0,5.0925,1.1588,-0.7422,-0.447,-2.3599,-0.1027
600091.0,5.2385,1.3288,-1.4581,-0.448,-2.0625,-0.1479
600101.0,5.5809,1.5562,-2.2721,-0.3842,-1.7725,-0.1607
600111.0,6.0382,1.652,-3.0981,-0.2762,-1.458,-0.1378
600121.0,6.4141,1.5754,-4.3024,-0.1096,-1.0919,-0.0841
600131.0,6.5912,1.6951,-7.2329,-0.0697,-0.7636,-0.0415
600141.0,6.7421,1.5826,-10.9966,-0.5438,-0.4757,-0.0724
600151.0,6.6487,1.8507,-14.947,-1.4149,-0.017,-0.1767
600161.0,4.4053,2.9784,-17.3532,-2.3014,0.8344,-0.2682
600171.0,2.569,4.5657,-17.4202,-2.7835,1.9576,-0.2033
600181.0,0.5028,6.8163,-18.1768,-2.4983,3.2187,0.1155
600191.0,-2.1883,8.2432,-19.7019,-1.9241,4.4341,0.654
600201.0,-4.8076,7.9392,-21.7848,-1.3564,5.7223,1.3042
600211.0,-11.461,7.252,-23.3794,-0.6726,7.4341,1.906
600221.0,-18.7753,5.296,-23.1615,0.1431,9.5674,2.427
600231.0,-28.5724,0.4214,-16.3261,1.1275,12.4456,2.8654
600241.0,-34.4214,-7.5753,0.0694,2.1593,15.3749,2.9037
600251.0,-35.3049,-14.4562,23.0011,3.3773,17.1447,2.1098
600261.0,-36.8492,-11.145,42.3319,4.2202,16.7626,0.5013
600271.0,-32.7886,-3.5769,57.5734,3.4412,13.5694,-1.1494
600281.0,-27.1431,3.2298,63.6235,1.6224,9.3226,-2.3855
600291.0,-29.7719,9.8545,71.1796,-0.1591,5.6393,-3.0591
600301.0,-27.6028,14.1785,69.1948,-1.6107,0.473,-3.0942
600311.0,-27.2364,16.3883,61.1216,-1.8555,-3.5173,-2.4456
600321.0,-28.3282,16.6828,50.4602,-0.5656,-6.1012,-1.2638
600331.0,-25.7161,14.3508,32.6569,1.1611,-8.3265,0.1144
600341.0,-20.243,9.9455,14.2287,2.0422,-9.3737,1.1935
600351.0,-13.9007,5.0996,1.1995,2.2072,-8.6835,1.8055
600361.0,-8.1379,1.3671,-5.9328,2.0864,-6.7041,1.9981
600371.0,-6.9121,-1.166,-4.8554,1.4197,-4.3548,1.7996
600381.0,-5.0278,-2.7031,-0.9553,0.249,-3.0974,1.3015
600391.0,-3.3423,-3.553,4.0318,-0.6673,-2.4562,0.6891
600401.0,-2.964,-2.6935,7.9511,-0.8498,-2.0417,0.1383
600411.0,-3.0095,-0.7661,10.1897,-0.8173,-2.0907,-0.3033
600421.0,-2.7485,1.0942,10.6805,-0.9504,-2.5339,-0.6093
600431.0,-2.1189,2.1308,10.4291,-1.2132,-3.0314,-0.7822
600441.0,-2.0901,2.8084,9.7827,-1.3622,-3.4055,-0.8572
600451.0,-2.0973,2.7749,8.6838,-1.2819,-3.6535,-0.8189
600461.0,-1.9632,2.0159,7.4124,-0.8977,-3.6503,-0.688
600471.0,-1.1492,1.2833,6.3135,-0.3799,-3.4396,-0.5667
600481.0,-0.3184,0.929,6.2489,0.0479,-3.1879,-0.5241
600491.0,0.4214,1.4868,5.545,0.4741,-2.9559,-0.5087
600501.0,0.8475,2.2075,4.5514,0.6396,-2.7776,-0.4938
600511.0,1.0534,2.8587,3.9337,0.4933,-2.627,-0.4757
600521.0,1.1205,3.2154,4.0917,0.3358,-2.3567,-0.4007
600531.0,0.7446,3.2058,4.7333,0.2735,-2.0199,-0.2623
600541.0,0.9744,2.32,6.7181,0.2943,-1.7368,-0.1027
600551.0,1.8435,1.7095,7.7285,0.505,-1.599,0.0293
600561.0,2.3607,0.9888,8.7987,0.5736,-1.6591,0.074
600571.0,2.7821,0.8667,8.5832,0.5502,-1.9129,0.0357
600581.0,2.8874,1.1803,7.7285,0.4156,-2.2157,-0.0596
600591.0,3.043,1.9058,5.9017,0.2246,-2.4695,-0.1453
600601.0,3.3926,2.4086,3.9576,-0.1431,-2.6356,-0.1979
600611.0,3.8666,2.545,2.3607,-0.6753,-2.7452,-0.2336
600621.0,4.0055,2.4325,1.3431,-1.1728,-2.7814,-0.2464
600631.0,4.3431,2.2075,0.2131,-1.3803,-2.7372,-0.2107
600641.0,4.8171,2.083,-1.6712,-1.2728,-2.6223,-0.1272
600651.0,5.0422,2.5522,-5.9424,-1.1025,-2.5291,-0.0192
600661.0,5.035,3.2848,-10.8697,-1.2148,-2.3195,0.0825
600671.0,5.5162,4.6328,-16.8384,-1.4202,-1.8033,0.2128
600681.0,5.5498,5.8897,-23.0897,-1.8087,-0.9754,0.389
600691.0,5.2648,6.3686,-28.6993,-2.2705,0.2538,0.6455
600701.0,2.6624,6.6343,-33.2794,-2.4365,1.9981,0.9807
600711.0,-0.0958,7.3047,-35.9441,-1.8571,4.3623,1.4069
600721.0,-10.8816,8.5473,-34.3951,-0.5114,7.5895,1.9294
600731.0,-23.9468,8.327,-30.5069,1.2026,10.7859,2.5254
600741.0,-36.5642,6.7756,-24.9955,3.098,14.1148,3.0267
600751.0,-46.3039,0.893,-11.3749,4.2361,17.4357,3.1554
600761.0,-47.9463,-7.1156,12.3397,4.8108,17.4357,2.5291
600771.0,-47.9319,-8.2935,39.5115,4.2085,17.4357,0.7886
600781.0,-46.7947,-3.4141,62.9579,1.9502,16.8041,-1.2553
600791.0,-41.5538,-0.2753,78.4508,0.1474,12.3902,-2.5334
600801.0,-31.9865,10.0054,78.4508,-0.4991,7.0329,-3.0964
600811.0,-33.356,12.062,78.4508,-2.477,-0.0968,-3.2219
600821.0,-33.0903,17.3771,66.1997,-1.7086,-4.1803,-2.386
600831.0,-32.6928,16.9677,53.4482,0.0931,-6.9004,-0.9759
600841.0,-28.388,14.5041,31.0384,2.1114,-9.2545,0.5284
600851.0,-21.5694,10.5584,11.9375,2.8851,-9.726,1.615
600861.0,-14.7531,7.3023,-0.929,2.6212,-8.5367,2.1513
600871.0,-7.92,4.561,-7.841,1.5304,-6.5349,2.2641
600881.0,-6.28,1.3072,-4.695,-0.0543,-4.1739,2.046
600891.0,-4.7549,-1.1995,0.3998,-1.5,-2.8968,1.6309
600901.0,-3.4453,-3.3255,5.8251,-2.4866,-2.5116,1.1126
600911.0,-3.3255,-3.632,9.7707,-2.4914,-2.3759,0.6635
600921.0,-3.2298,-3.2226,11.9231,-1.8475,-2.5387,0.3608
600931.0,-2.8419,-2.4229,10.9271,-1.0328,-2.9894,0.1788
600941.0,-2.0231,-1.9225,8.1259,-0.4379,-3.4268,0.0601
600951.0,-1.2617,-1.6712,5.4253,-0.0702,-3.5125,-0.0436
600961.0,-0.7374,-1.2905,3.632,0.1203,-3.2682,-0.1596
600971.0,-0.3232,-0.8404,2.8467,0.0937,-2.9213,-0.298
600981.0,0.4094,-0.1867,2.873,-0.1272,-2.5802,-0.4592
600991.0,0.4429,0.7015,3.711,-0.4821,-2.2977,-0.6188
601001.0,0.2155,1.4916,4.3215,-0.7992,-2.137,-0.7029
601011.0,0.3448,1.798,4.7118,-0.9913,-2.0055,-0.6949
601021.0,0.1389,1.6089,5.3415,-1.0147,-1.7831,-0.6082
601031.0,-0.4525,0.9266,6.9432,-0.812,-1.5032,-0.472
601041.0,-0.3783,0.0359,8.6646,-0.2911,-1.2702,-0.3166
601051.0,-0.1915,-0.5602,10.3382,0.373,-1.16,-0.2081
601061.0,0.1724,-0.2993,10.8098,0.9716,-1.2595,-0.1543
601071.0,0.2083,0.2442,10.4411,1.1808,-1.6224,-0.1623
601081.0,0.6847,0.7925,8.6048,1.1047,-2.0864,-0.1815
601091.0,1.1947,0.8954,6.5218,0.8588,-2.3317,-0.1942
601101.0,1.7573,0.917,4.4676,0.5028,-2.3594,-0.2347
601111.0,2.3535,0.8763,3.4955,0.0862,-2.2029,-0.3086
601121.0,2.9856,1.0439,3.0095,-0.2485,-1.947,-0.3741
601131.0,3.4309,0.9361,3.0957,-0.5497,-1.7145,-0.4076
601141.0,3.565,0.8045,3.225,-0.7359,-1.516,-0.4129
601151.0,3.8092,0.5722,3.5985,-0.8014,-1.3383,-0.3938
601161.0,4.2306,0.2442,3.316,-0.8317,-1.3266,-0.3714
601171.0,4.877,0.1341,1.6448,-0.8849,-1.4638,-0.3746
601181.0,5.6096,0.3783,-2.4157,-1.1116,-1.6421,-0.4017
601191.0,6.1675,0.0862,-6.778,-1.7597,-1.7171,-0.4512
601201.0,5.703,0.0359,-11.0157,-2.4419,-1.4516,-0.5044
601211.0,5.5809,0.6584,-15.0667,-2.9282,-0.8993,-0.5289
601221.0,5.4348,1.233,-18.6436,-3.1762,-0.0841,-0.4587
601231.0,4.695,1.6448,-21.3156,-2.8548,1.1733,-0.248
601241.0,1.7095,2.5187,-23.8774,-1.5937,2.9745,0.0761
601251.0,-3.9792,4.5155,-26.3171,0.1054,5.1886,0.4358
601261.0,-11.1115,4.6855,-24.4161,1.7395,7.8401,0.8514
601271.0,-18.907,4.47,-19.666,3.2273,10.5752,1.1472
601281.0,-23.6739,2.32,-9.6055,3.9334,12.8862,1.1653
601291.0,-26.6953,1.5323,4.0917,4.2079,14.7996,0.8312
601301.0,-30.8445,2.2266,23.7361,3.3305,15.4137,0.1107
601311.0,-30.6482,3.0382,44.1802,1.6107,13.7402,-0.7125
601321.0,-26.7408,6.1723,54.5926,0.6375,10.5039,-1.2122
601331.0,-23.9181,8.1977,59.3044,-0.016,6.9036,-1.3851
601341.0,-21.2629,11.327,54.0539,-0.4172,3.2656,-1.3069
601351.0,-22.5103,12.3972,49.0213,-0.7742,0.4555,-1.0126
601361.0,-20.2813,12.5313,39.0207,-0.3714,-1.8533,-0.4246
601371.0,-17.6548,9.6941,31.3281,0.3193,-2.8101,0.2559
601381.0,-14.8967,7.197,24.464,1.094,-2.9846,0.7721
601391.0,-12.4139,5.1667,18.7083,1.1738,-3.1528,0.9658
601401.0,-10.2711,3.1771,15.117,0.7237,-3.2134,0.9025
601411.0,-8.5162,2.4972,12.5887,0.3453,-2.9474,0.7136
601421.0,-7.6686,2.1261,11.8824,-0.1378,-2.634,0.4688
601431.0,-6.8235,2.0877,11.8178,-0.6864,-2.5653,0.216
601441.0,-6.5098,2.1524,11.9902,-1.1297,-2.6228,0.008
601451.0,-6.1268,2.4325,12.7132,-1.301,-2.6627,-0.1149
601461.0,-5.8562,2.7964,13.3884,-1.1323,-2.6563,-0.1229
601471.0,-5.9951,2.9137,14.1833,-0.9088,-2.8548,-0.0607
601481.0,-5.7533,2.5259,14.1928,-0.6577,-3.3209,0.0372
601491.0,-5.636,2.0351,12.4307,-0.2155,-3.7956,0.1591
601501.0,-5.3822,1.7119,9.414,0.2293,-4.1393,0.2671
601511.0,-4.1946,1.4509,6.9288,0.5986,-4.1755,0.3342
601521.0,-3.4812,1.968,4.6088,0.903,-3.8812,0.3751
601531.0,-2.7605,2.2242,4.2808,0.8806,-3.4497,0.3842
601541.0,-2.5905,2.8036,4.5179,0.5986,-3.1501,0.3709
601551.0,-2.5474,2.49,5.77,0.107,-3.0501,0.3469
601561.0,-2.2098,1.9968,6.3925,-0.2469,-3.049,0.3342
601571.0,-1.5467,0.929,7.4867,-0.4374,-3.0362,0.3113
601581.0,-1.1349,0.3855,8.0206,-0.448,-3.1043,0.2474
601591.0,-0.9864,0.1939,8.0517,-0.3922,-3.3129,0.1527
601601.0,-0.4477,0.419,6.8546,-0.1953,-3.555,0.075
601611.0,0.2179,0.7829,5.0254,0.0777,-3.6471,0.0431
601621.0,0.8643,1.1372,3.3543,0.3272,-3.5705,0.0543
601631.0,1.9896,1.4533,1.5514,0.4752,-3.3949,0.0899
601641.0,2.9688,1.5107,0.0144,0.3773,-3.1916,0.1256
601651.0,3.8403,1.3623,-1.506,0.0527,-3.0267,0.1346
601661.0,4.64,0.8092,-2.5091,-0.3384,-2.8181,0.1139
601671.0,5.2218,0.6225,-3.6655,-0.505,-2.4562,0.0931
601681.0,5.6647,0.4597,-4.9656,-0.5555,-2.0289,0.0915
601691.0,6.5457,0.3017,-7.3646,-0.6194,-1.6437,0.1144
601701.0,6.8594,0.3017,-12.0524,-0.97,-1.2978,0.116
601711.0,6.0789,0.5148,-15.9143,-1.7368,-0.7684,0.0367
601721.0,5.8012,2.0375,-18.6652,-2.1779,0.2969,-0.0287
601731.0,4.0845,4.4508,-19.4361,-2.1694,1.7358,0.0559
601741.0,2.794,6.0885,-19.1297,-1.773,3.0682,0.3672
601751.0,-0.0359,6.6894,-19.7546,-0.9126,4.3931,0.8519
601761.0,-6.4452,7.5274,-21.0666,0.2719,5.9272,1.3633
601771.0,-11.2599,6.4715,-21.4544,1.4809,7.7444,1.8533
601781.0,-19.5439,4.2784,-19.4385,2.5472,10.0867,2.1593
601791.0,-24.4687,0.7374,-12.0979,3.0197,12.5142,2.1013
601801.0,-28.989,-3.4596,3.2489,2.8479,14.5804,1.6272
601811.0,-31.2108,-4.8147,21.8088,2.4855,15.4674,0.7338
601821.0,-32.2188,-4.8626,41.4317,1.4814,14.5299,-0.3815
601831.0,-29.3553,-0.8667,55.6173,0.7476,11.9507,-1.3351
601841.0,-27.5812,2.9209,59.8407,-0.1463,8.12,-1.9475
601851.0,-28.989,4.3263,65.9866,-1.0211,5.0359,-2.2029
601861.0,-25.1224,10.8433,60.8127,-0.7428,1.293,-2.038
601871.0,-25.5222,9.9264,55.1624,-1.0397,-2.7473,-1.5926
601881.0,-24.4783,10.9726,42.2672,0.3586,-4.8811,-0.7716
601891.0,-23.1328,9.9048,31.5101,1.5538,-5.9219,0.0303
601901.0,-17.9781,9.0237,17.3436,1.7868,-6.9435,0.5704
601911.0,-13.3094,6.3303,9.2823,1.1621,-6.7674,0.8264
601921.0,-10.4746,4.5825,4.956,0.8093,-5.5627,0.9227
601931.0,-8.7724,3.1723,4.3455,0.332,-4.2995,0.8716
601941.0,-7.355,1.6975,6.9911,-0.3874,-3.529,0.6859
601951.0,-6.4691,0.9194,10.1251,-0.8567,-3.2427,0.4464
601961.0,-6.1196,0.7374,12.2104,-1.0089,-3.3555,0.2144
601971.0,-5.4851,0.9122,12.9814,-0.9716,-3.7104,0.0128
601981.0,-5.3223,1.6257,12.287,-0.9775,-4.2457,-0.1724
601991.0,-4.9392,2.1165,10.7332,-1.0233,-4.8119,-0.3065
602001.0,-4.7501,2.7438,7.9775,-0.9408,-5.1918,-0.3666
602011.0,-3.9456,3.3184,5.0853,-0.7716,-5.2966,-0.3608
602021.0,-2.7581,3.9313,2.2889,-0.6226,-5.1695,-0.298
602031.0,-1.8651,4.4173,0.1293,-0.5667,-4.8236,-0.1884
602041.0,-1.3838,4.5298,-1.5562,-0.6093,-4.3857,-0.0176
602051.0,-0.5435,3.3758,-2.1237,-0.6423,-3.8541,0.2075
602061.0,0.3855,1.7478,-2.2051,-0.5013,-3.2129,0.4119
602071.0,1.7693,-0.1676,-1.1085,-0.2533,-2.5036,0.5247
602081.0,2.8395,-1.2977,0.3591,0.0633,-1.8597,0.5028
602091.0,3.2896,-1.6185,2.2003,0.2666,-1.4388,0.3698
602101.0,3.6057,-1.2163,3.3016,0.4645,-1.1957,0.2166
602111.0,3.5793,-0.5387,3.9528,0.5486,-1.0791,0.0937
602121.0,3.6057,0.0144,4.1276,0.4709,-1.0679,0.0192
602131.0,3.5171,0.4214,4.2593,0.2645,-1.1148,-0.0245
602141.0,3.6631,0.5914,3.7493,-0.008,-1.259,-0.0346
602151.0,4.1444,0.2251,2.8706,-0.2905,-1.4367,-0.0223
602161.0,4.7142,-0.0766,1.4724,-0.3634,-1.4362,-0.0005
602171.0,5.0206,-0.1269,0.0694,-0.2719,-1.226,0.0239
602181.0,5.3558,-0.1963,-0.9888,-0.1101,-0.9019,0.0623
602191.0,5.4875,-0.0311,-2.3655,0.1038,-0.4917,0.1133
602201.0,5.7365,-0.0072,-3.7733,0.1463,-0.0788,0.1623
602211.0,5.8849,0.0239,-5.9951,-0.0702,0.2815,0.1894
602221.0,5.8706,-0.1532,-9.2105,-0.7795,0.5188,0.1719
602231.0,5.3008,-0.5004,-11.904,-1.8656,0.803,0.0974
602241.0,3.1125,0.5602,-15.7874,-2.8739,1.2888,0.0351
602251.0,1.3001,1.6807,-18.4808,-3.9078,1.8416,0.074
602261.0,-0.7661,2.806,-20.3028,-4.0169,2.8255,0.3773
602271.0,-8.6622,4.8147,-22.4839,-2.2876,4.7699,0.961
602281.0,-16.3668,6.1842,-25.4097,0.5757,7.4879,1.6809
602291.0,-22.9987,4.5753,-25.1678,2.9405,10.547,2.2514
602301.0,-29.2667,0.0814,-18.8184,4.0584,13.62,2.3424
602311.0,-31.6226,-5.8299,-2.5546,4.0132,16.3524,1.7022
602321.0,-38.4317,-6.2632,18.9429,3.3199,17.4357,0.415
602331.0,-41.0582,-4.6855,43.7157,1.4638,16.7456,-1.086
602341.0,-37.4142,-0.8428,61.871,0.2474,13.4715,-2.0901
602351.0,-34.0863,3.4261,67.6338,-0.0016,10.0745,-2.4866
602361.0,-33.7774,15.2989,76.0758,-0.0809,6.5679,-2.4658
602371.0,-25.685,9.3589,77.4333,-1.5506,-0.2442,-2.1359
602381.0,-29.9371,13.1322,59.7018,0.0591,-4.2612,-1.1047
602391.0,-32.7623,9.426,51.4897,1.4442,-6.7988,0.067
602401.0,-29.4726,8.5976,32.0248,3.3927,-9.1545,1.1813
602411.0,-25.3307,3.8834,17.1377,3.9318,-10.4071,1.9028
602421.0,-17.1975,2.1213,2.3798,4.0164,-10.2581,2.2269
602431.0,-12.6653,0.4453,-4.8626,3.646,-8.493,2.2487
602441.0,-9.1506,-0.1748,-6.9791,2.7191,-6.4976,2.0156
602451.0,-5.9424,-0.4788,-5.5402,1.2404,-5.0061,1.5633
602461.0,-4.1444,-1.4126,-1.1803,-0.2442,-4.0818,1.003
602471.0,-2.4373,-1.3791,1.664,-1.1297,-3.6099,0.4539
602481.0,-2.4373,-1.3072,4.4843,-1.5272,-3.3502,-0.0218
602491.0,-1.834,-0.5866,5.1811,-1.4702,-3.3262,-0.3858
602501.0,-1.7717,0.1939,5.6886,-1.1595,-3.2475,-0.6385
602511.0,-1.5323,1.3934,5.3295,-0.6843,-3.1469,-0.7657
602521.0,-0.9481,2.2673,4.8985,-0.3193,-3.0868,-0.7897
602531.0,-0.091,2.7629,3.9121,-0.0591,-3.0591,-0.7375
602541.0,0.3855,3.0646,2.7677,0.1783,-2.9181,-0.647
602551.0,0.8284,3.3495,1.5036,0.3847,-2.6797,-0.5337
602561.0,1.0343,3.4093,0.5267,0.4943,-2.3684,-0.4076
602571.0,1.0678,3.3136,-0.17,0.6247,-1.8986,-0.2687
602581.0,1.2378,2.897,0.5267,0.7822,-1.2643,-0.1256
602591.0,1.9154,2.3607,1.6257,0.8929,-0.7125,-0.0261
602601.0,2.3415,2.0973,2.6671,0.8226,-0.3773,-0.0309
602611.0,2.7509,2.162,3.5745,0.6556,-0.1644,-0.1043
602621.0,2.5283,2.569,4.3191,0.4789,0.0266,-0.1857
602631.0,1.9728,3.0095,5.0829,0.2778,0.1442,-0.24
602641.0,1.8076,3.146,5.5857,0.1075,0.1841,-0.2496
602651.0,1.4341,3.0646,5.9017,0.0431,0.2591,-0.2261
602661.0,1.0726,2.8204,6.2369,0.0819,0.4012,-0.1921
602671.0,1.1013,2.5235,7.0892,0.1788,0.5656,-0.1767
602681.0,1.5778,2.4852,7.9368,0.3272,0.6907,-0.183
